date,visits
2020-01-01,36
2020-01-02,35
2020-01-03,30
2020-01-04,15
2020-01-05,0
2020-01-06,34
2020-01-07,40
2020-01-08,37
2020-01-09,34
2020-01-10,30
2020-01-11,9
2020-01-12,0
2020-01-13,36
2020-01-14,29
2020-01-15,30
2020-01-16,33
2020-01-17,25
2020-01-18,11
2020-01-19,0
2020-01-20,31
2020-01-21,39
2020-01-22,34
2020-01-23,35
2020-01-24,24
2020-01-25,9
2020-01-26,0
2020-01-27,32
2020-01-28,36
2020-01-29,33
2020-01-30,34
2020-01-31,26
2020-02-01,15
2020-02-02,0
2020-02-03,27
2020-02-04,32
2020-02-05,26
2020-02-06,30
2020-02-07,18
2020-02-08,5
2020-02-09,1
2020-02-10,32
2020-02-11,30
2020-02-12,30
2020-02-13,29
2020-02-14,19
2020-02-15,7
2020-02-16,0
2020-02-17,33
2020-02-18,31
2020-02-19,25
2020-02-20,31
2020-02-21,23
2020-02-22,7
2020-02-23,2
2020-02-24,33
2020-02-25,33
2020-02-26,27
2020-02-27,29
2020-02-28,25
2020-02-29,12
2020-03-01,0
2020-03-02,35
2020-03-03,32
2020-03-04,32
2020-03-05,38
2020-03-06,32
2020-03-07,10
2020-03-08,3
2020-03-09,36
2020-03-10,33
2020-03-11,36
2020-03-12,40
2020-03-13,28
2020-03-14,15
2020-03-15,0
2020-03-16,8
2020-03-17,6
2020-03-18,4
2020-03-19,6
2020-03-20,0
2020-03-21,1
2020-03-22,1
2020-03-23,10
2020-03-24,4
2020-03-25,3
2020-03-26,4
2020-03-27,7
2020-03-28,3
2020-03-29,0
2020-03-30,7
2020-03-31,6
2020-04-01,8
2020-04-02,3
2020-04-03,3
2020-04-04,0
2020-04-05,0
2020-04-06,6
2020-04-07,6
2020-04-08,5
2020-04-09,5
2020-04-10,0
2020-04-11,0
2020-04-12,0
2020-04-13,3
2020-04-14,5
2020-04-15,7
2020-04-16,11
2020-04-17,5
2020-04-18,2
2020-04-19,0
2020-04-20,0
2020-04-21,5
2020-04-22,5
2020-04-23,13
2020-04-24,4
2020-04-25,2
2020-04-26,0
2020-04-27,2
2020-04-28,9
2020-04-29,8
2020-04-30,8
2020-05-01,2
2020-05-02,6
2020-05-03,0
2020-05-04,7
2020-05-05,12
2020-05-06,2
2020-05-07,4
2020-05-08,5
2020-05-09,0
2020-05-10,0
2020-05-11,6
2020-05-12,2
2020-05-13,7
2020-05-14,3
2020-05-15,9
2020-05-16,0
2020-05-17,0
2020-05-18,8
2020-05-19,2
2020-05-20,6
2020-05-21,9
2020-05-22,0
2020-05-23,2
2020-05-24,1
2020-05-25,8
2020-05-26,2
2020-05-27,1
2020-05-28,7
2020-05-29,5
2020-05-30,2
2020-05-31,1
2020-06-01,37
2020-06-02,40
2020-06-03,40
2020-06-04,37
2020-06-05,37
2020-06-06,13
2020-06-07,0
2020-06-08,41
2020-06-09,36
2020-06-10,41
2020-06-11,43
2020-06-12,29
2020-06-13,15
2020-06-14,1
2020-06-15,42
2020-06-16,45
2020-06-17,38
2020-06-18,37
2020-06-19,29
2020-06-20,9
2020-06-21,0
2020-06-22,40
2020-06-23,40
2020-06-24,42
2020-06-25,39
2020-06-26,36
2020-06-27,11
2020-06-28,8
2020-06-29,41
2020-06-30,37
2020-07-01,36
2020-07-02,41
2020-07-03,31
2020-07-04,14
2020-07-05,1
2020-07-06,39
2020-07-07,37
2020-07-08,35
2020-07-09,38
2020-07-10,34
2020-07-11,12
2020-07-12,0
2020-07-13,40
2020-07-14,40
2020-07-15,37
2020-07-16,40
2020-07-17,32
2020-07-18,8
2020-07-19,1
2020-07-20,41
2020-07-21,42
2020-07-22,42
2020-07-23,35
2020-07-24,29
2020-07-25,13
2020-07-26,2
2020-07-27,41
2020-07-28,51
2020-07-29,41
2020-07-30,43
2020-07-31,34
2020-08-01,15
2020-08-02,0
2020-08-03,47
2020-08-04,42
2020-08-05,44
2020-08-06,43
2020-08-07,36
2020-08-08,20
2020-08-09,0
2020-08-10,47
2020-08-11,40
2020-08-12,43
2020-08-13,48
2020-08-14,36
2020-08-15,10
2020-08-16,0
2020-08-17,47
2020-08-18,42
2020-08-19,45
2020-08-20,45
2020-08-21,34
2020-08-22,20
2020-08-23,2
2020-08-24,39
2020-08-25,45
2020-08-26,43
2020-08-27,47
2020-08-28,33
2020-08-29,13
2020-08-30,2
2020-08-31,47
2020-09-01,32
2020-09-02,35
2020-09-03,34
2020-09-04,27
2020-09-05,16
2020-09-06,1
2020-09-07,32
2020-09-08,39
2020-09-09,42
2020-09-10,39
2020-09-11,24
2020-09-12,9
2020-09-13,4
2020-09-14,34
2020-09-15,37
2020-09-16,38
2020-09-17,33
2020-09-18,28
2020-09-19,1
2020-09-20,0
2020-09-21,35
2020-09-22,32
2020-09-23,41
2020-09-24,32
2020-09-25,27
2020-09-26,11
2020-09-27,4
2020-09-28,32
2020-09-29,39
2020-09-30,36
2020-10-01,33
2020-10-02,30
2020-10-03,11
2020-10-04,0
2020-10-05,36
2020-10-06,35
2020-10-07,36
2020-10-08,38
2020-10-09,33
2020-10-10,7
2020-10-11,6
2020-10-12,30
2020-10-13,35
2020-10-14,38
2020-10-15,37
2020-10-16,27
2020-10-17,10
2020-10-18,0
2020-10-19,34
2020-10-20,38
2020-10-21,37
2020-10-22,34
2020-10-23,31
2020-10-24,12
2020-10-25,2
2020-10-26,38
2020-10-27,33
2020-10-28,34
2020-10-29,38
2020-10-30,31
2020-10-31,11
2020-11-01,0
2020-11-02,40
2020-11-03,34
2020-11-04,38
2020-11-05,35
2020-11-06,28
2020-11-07,14
2020-11-08,2
2020-11-09,38
2020-11-10,40
2020-11-11,36
2020-11-12,38
2020-11-13,28
2020-11-14,12
2020-11-15,0
2020-11-16,36
2020-11-17,38
2020-11-18,34
2020-11-19,42
2020-11-20,26
2020-11-21,7
2020-11-22,3
2020-11-23,38
2020-11-24,38
2020-11-25,38
2020-11-26,36
2020-11-27,26
2020-11-28,11
2020-11-29,0
2020-11-30,39
2020-12-01,43
2020-12-02,41
2020-12-03,42
2020-12-04,36
2020-12-05,11
2020-12-06,0
2020-12-07,44
2020-12-08,44
2020-12-09,42
2020-12-10,42
2020-12-11,35
2020-12-12,9
2020-12-13,0
2020-12-14,41
2020-12-15,43
2020-12-16,44
2020-12-17,48
2020-12-18,37
2020-12-19,13
2020-12-20,0
2020-12-21,40
2020-12-22,43
2020-12-23,42
2020-12-24,44
2020-12-25,32
2020-12-26,15
2020-12-27,5
2020-12-28,43
2020-12-29,45
2020-12-30,45
2020-12-31,42
2021-01-01,30
2021-01-02,11
2021-01-03,0
2021-01-04,34
2021-01-05,36
2021-01-06,38
2021-01-07,41
2021-01-08,32
2021-01-09,17
2021-01-10,0
2021-01-11,39
2021-01-12,37
2021-01-13,43
2021-01-14,34
2021-01-15,26
2021-01-16,9
2021-01-17,0
2021-01-18,35
2021-01-19,34
2021-01-20,37
2021-01-21,37
2021-01-22,35
2021-01-23,14
2021-01-24,0
2021-01-25,34
2021-01-26,38
2021-01-27,32
2021-01-28,42
2021-01-29,33
2021-01-30,9
2021-01-31,0
2021-02-01,35
2021-02-02,30
2021-02-03,35
2021-02-04,26
2021-02-05,23
2021-02-06,9
2021-02-07,0
2021-02-08,29
2021-02-09,33
2021-02-10,28
2021-02-11,30
2021-02-12,25
2021-02-13,11
2021-02-14,2
2021-02-15,27
2021-02-16,26
2021-02-17,35
2021-02-18,32
2021-02-19,22
2021-02-20,14
2021-02-21,0
2021-02-22,34
2021-02-23,31
2021-02-24,37
2021-02-25,36
2021-02-26,24
2021-02-27,12
2021-02-28,2
2021-03-01,40
2021-03-02,33
2021-03-03,38
2021-03-04,40
2021-03-05,24
2021-03-06,7
2021-03-07,0
2021-03-08,36
2021-03-09,38
2021-03-10,41
2021-03-11,37
2021-03-12,34
2021-03-13,7
2021-03-14,0
2021-03-15,36
2021-03-16,38
2021-03-17,36
2021-03-18,30
2021-03-19,29
2021-03-20,7
2021-03-21,2
2021-03-22,37
2021-03-23,34
2021-03-24,35
2021-03-25,33
2021-03-26,29
2021-03-27,14
2021-03-28,0
2021-03-29,38
2021-03-30,35
2021-03-31,34
2021-04-01,36
2021-04-02,26
2021-04-03,9
2021-04-04,0
2021-04-05,42
2021-04-06,37
2021-04-07,34
2021-04-08,37
2021-04-09,29
2021-04-10,10
2021-04-11,2
2021-04-12,39
2021-04-13,35
2021-04-14,35
2021-04-15,36
2021-04-16,22
2021-04-17,6
2021-04-18,4
2021-04-19,41
2021-04-20,36
2021-04-21,38
2021-04-22,37
2021-04-23,38
2021-04-24,14
2021-04-25,0
2021-04-26,34
2021-04-27,32
2021-04-28,37
2021-04-29,34
2021-04-30,25
2021-05-01,9
2021-05-02,0
2021-05-03,42
2021-05-04,39
2021-05-05,36
2021-05-06,41
2021-05-07,29
2021-05-08,8
2021-05-09,5
2021-05-10,38
2021-05-11,33
2021-05-12,36
2021-05-13,34
2021-05-14,25
2021-05-15,14
2021-05-16,6
2021-05-17,32
2021-05-18,38
2021-05-19,35
2021-05-20,35
2021-05-21,27
2021-05-22,8
2021-05-23,0
2021-05-24,34
2021-05-25,37
2021-05-26,36
2021-05-27,36
2021-05-28,27
2021-05-29,9
2021-05-30,2
2021-05-31,38
2021-06-01,37
2021-06-02,41
2021-06-03,43
2021-06-04,27
2021-06-05,14
2021-06-06,0
2021-06-07,42
2021-06-08,38
2021-06-09,35
2021-06-10,35
2021-06-11,32
2021-06-12,13
2021-06-13,0
2021-06-14,42
2021-06-15,35
2021-06-16,40
2021-06-17,37
2021-06-18,30
2021-06-19,12
2021-06-20,0
2021-06-21,39
2021-06-22,43
2021-06-23,39
2021-06-24,43
2021-06-25,29
2021-06-26,14
2021-06-27,4
2021-06-28,33
2021-06-29,38
2021-06-30,42
2021-07-01,40
2021-07-02,33
2021-07-03,10
2021-07-04,0
2021-07-05,40
2021-07-06,44
2021-07-07,41
2021-07-08,41
2021-07-09,31
2021-07-10,11
2021-07-11,0
2021-07-12,42
2021-07-13,39
2021-07-14,41
2021-07-15,47
2021-07-16,35
2021-07-17,11
2021-07-18,4
2021-07-19,39
2021-07-20,34
2021-07-21,37
2021-07-22,35
2021-07-23,31
2021-07-24,12
2021-07-25,5
2021-07-26,41
2021-07-27,40
2021-07-28,43
2021-07-29,34
2021-07-30,33
2021-07-31,14
2021-08-01,0
2021-08-02,49
2021-08-03,47
2021-08-04,45
2021-08-05,48
2021-08-06,44
2021-08-07,14
2021-08-08,1
2021-08-09,45
2021-08-10,43
2021-08-11,49
2021-08-12,43
2021-08-13,37
2021-08-14,12
2021-08-15,1
2021-08-16,47
2021-08-17,49
2021-08-18,45
2021-08-19,45
2021-08-20,34
2021-08-21,12
2021-08-22,1
2021-08-23,48
2021-08-24,43
2021-08-25,49
2021-08-26,50
2021-08-27,38
2021-08-28,19
2021-08-29,0
2021-08-30,42
2021-08-31,41
2021-09-01,41
2021-09-02,39
2021-09-03,29
2021-09-04,12
2021-09-05,0
2021-09-06,44
2021-09-07,37
2021-09-08,37
2021-09-09,39
2021-09-10,31
2021-09-11,12
2021-09-12,0
2021-09-13,38
2021-09-14,43
2021-09-15,41
2021-09-16,42
2021-09-17,28
2021-09-18,8
2021-09-19,0
2021-09-20,37
2021-09-21,40
2021-09-22,32
2021-09-23,42
2021-09-24,29
2021-09-25,10
2021-09-26,0
2021-09-27,32
2021-09-28,39
2021-09-29,37
2021-09-30,33
2021-10-01,26
2021-10-02,10
2021-10-03,5
2021-10-04,36
2021-10-05,32
2021-10-06,36
2021-10-07,36
2021-10-08,22
2021-10-09,11
2021-10-10,0
2021-10-11,39
2021-10-12,43
2021-10-13,40
2021-10-14,36
2021-10-15,26
2021-10-16,19
2021-10-17,0
2021-10-18,37
2021-10-19,37
2021-10-20,38
2021-10-21,37
2021-10-22,28
2021-10-23,9
2021-10-24,0
2021-10-25,35
2021-10-26,35
2021-10-27,37
2021-10-28,36
2021-10-29,34
2021-10-30,3
2021-10-31,3
2021-11-01,41
2021-11-02,31
2021-11-03,36
2021-11-04,36
2021-11-05,25
2021-11-06,9
2021-11-07,0
2021-11-08,42
2021-11-09,40
2021-11-10,41
2021-11-11,39
2021-11-12,26
2021-11-13,10
2021-11-14,1
2021-11-15,33
2021-11-16,39
2021-11-17,36
2021-11-18,36
2021-11-19,32
2021-11-20,12
2021-11-21,0
2021-11-22,41
2021-11-23,34
2021-11-24,39
2021-11-25,39
2021-11-26,29
2021-11-27,12
2021-11-28,0
2021-11-29,40
2021-11-30,37
2021-12-01,43
2021-12-02,48
2021-12-03,34
2021-12-04,9
2021-12-05,0
2021-12-06,46
2021-12-07,41
2021-12-08,50
2021-12-09,38
2021-12-10,41
2021-12-11,14
2021-12-12,0
2021-12-13,43
2021-12-14,46
2021-12-15,45
2021-12-16,48
2021-12-17,36
2021-12-18,14
2021-12-19,0
2021-12-20,45
2021-12-21,46
2021-12-22,40
2021-12-23,41
2021-12-24,38
2021-12-25,14
2021-12-26,0
2021-12-27,45
2021-12-28,46
2021-12-29,43
2021-12-30,42
2021-12-31,36
2022-01-01,8
2022-01-02,1
2022-01-03,32
2022-01-04,40
2022-01-05,39
2022-01-06,38
2022-01-07,33
2022-01-08,16
2022-01-09,3
2022-01-10,32
2022-01-11,33
2022-01-12,35
2022-01-13,37
2022-01-14,31
2022-01-15,9
2022-01-16,1
2022-01-17,35
2022-01-18,35
2022-01-19,33
2022-01-20,35
2022-01-21,26
2022-01-22,8
2022-01-23,3
2022-01-24,34
2022-01-25,45
2022-01-26,39
2022-01-27,38
2022-01-28,27
2022-01-29,13
2022-01-30,0
2022-01-31,38
2022-02-01,39
2022-02-02,31
2022-02-03,35
2022-02-04,23
2022-02-05,9
2022-02-06,5
2022-02-07,30
2022-02-08,37
2022-02-09,34
2022-02-10,30
2022-02-11,27
2022-02-12,12
2022-02-13,2
2022-02-14,27
2022-02-15,30
2022-02-16,31
2022-02-17,32
2022-02-18,27
2022-02-19,10
2022-02-20,0
2022-02-21,33
2022-02-22,34
2022-02-23,33
2022-02-24,35
2022-02-25,28
2022-02-26,11
2022-02-27,0
2022-02-28,27
2022-03-01,39
2022-03-02,38
2022-03-03,38
2022-03-04,26
2022-03-05,8
2022-03-06,3
2022-03-07,37
2022-03-08,40
2022-03-09,38
2022-03-10,38
2022-03-11,33
2022-03-12,10
2022-03-13,0
2022-03-14,36
2022-03-15,36
2022-03-16,37
2022-03-17,38
2022-03-18,29
2022-03-19,15
2022-03-20,0
2022-03-21,37
2022-03-22,36
2022-03-23,42
2022-03-24,38
2022-03-25,33
2022-03-26,7
2022-03-27,1
2022-03-28,40
2022-03-29,38
2022-03-30,41
2022-03-31,36
2022-04-01,34
2022-04-02,18
2022-04-03,0
2022-04-04,36
2022-04-05,42
2022-04-06,42
2022-04-07,36
2022-04-08,29
2022-04-09,10
2022-04-10,0
2022-04-11,35
2022-04-12,35
2022-04-13,35
2022-04-14,37
2022-04-15,31
2022-04-16,16
2022-04-17,0
2022-04-18,41
2022-04-19,37
2022-04-20,37
2022-04-21,40
2022-04-22,27
2022-04-23,12
2022-04-24,0
2022-04-25,39
2022-04-26,38
2022-04-27,45
2022-04-28,36
2022-04-29,29
2022-04-30,9
2022-05-01,0
2022-05-02,36
2022-05-03,41
2022-05-04,42
2022-05-05,36
2022-05-06,28
2022-05-07,13
2022-05-08,0
2022-05-09,40
2022-05-10,38
2022-05-11,33
2022-05-12,42
2022-05-13,36
2022-05-14,9
2022-05-15,0
2022-05-16,39
2022-05-17,39
2022-05-18,40
2022-05-19,44
2022-05-20,30
2022-05-21,9
2022-05-22,0
2022-05-23,36
2022-05-24,38
2022-05-25,43
2022-05-26,36
2022-05-27,31
2022-05-28,11
2022-05-29,4
2022-05-30,45
2022-05-31,36
2022-06-01,40
2022-06-02,45
2022-06-03,35
2022-06-04,18
2022-06-05,2
2022-06-06,40
2022-06-07,43
2022-06-08,45
2022-06-09,44
2022-06-10,35
2022-06-11,16
2022-06-12,4
2022-06-13,46
2022-06-14,43
2022-06-15,41
2022-06-16,42
2022-06-17,37
2022-06-18,10
2022-06-19,1
2022-06-20,40
2022-06-21,42
2022-06-22,45
2022-06-23,42
2022-06-24,33
2022-06-25,8
2022-06-26,2
2022-06-27,44
2022-06-28,48
2022-06-29,41
2022-06-30,42
2022-07-01,34
2022-07-02,17
2022-07-03,0
2022-07-04,42
2022-07-05,43
2022-07-06,42
2022-07-07,40
2022-07-08,34
2022-07-09,16
2022-07-10,0
2022-07-11,42
2022-07-12,40
2022-07-13,45
2022-07-14,37
2022-07-15,32
2022-07-16,14
2022-07-17,5
2022-07-18,41
2022-07-19,40
2022-07-20,47
2022-07-21,37
2022-07-22,27
2022-07-23,14
2022-07-24,0
2022-07-25,39
2022-07-26,44
2022-07-27,42
2022-07-28,40
2022-07-29,30
2022-07-30,15
2022-07-31,2
2022-08-01,47
2022-08-02,53
2022-08-03,44
2022-08-04,43
2022-08-05,36
2022-08-06,14
2022-08-07,1
2022-08-08,47
2022-08-09,48
2022-08-10,44
2022-08-11,52
2022-08-12,38
2022-08-13,18
2022-08-14,1
2022-08-15,49
2022-08-16,49
2022-08-17,49
2022-08-18,49
2022-08-19,42
2022-08-20,15
2022-08-21,2
2022-08-22,47
2022-08-23,52
2022-08-24,45
2022-08-25,53
2022-08-26,38
2022-08-27,10
2022-08-28,0
2022-08-29,45
2022-08-30,50
2022-08-31,46
2022-09-01,37
2022-09-02,25
2022-09-03,10
2022-09-04,0
2022-09-05,33
2022-09-06,40
2022-09-07,40
2022-09-08,39
2022-09-09,28
2022-09-10,11
2022-09-11,0
2022-09-12,35
2022-09-13,43
2022-09-14,41
2022-09-15,37
2022-09-16,31
2022-09-17,12
2022-09-18,0
2022-09-19,37
2022-09-20,36
2022-09-21,35
2022-09-22,37
2022-09-23,36
2022-09-24,13
2022-09-25,0
2022-09-26,40
2022-09-27,42
2022-09-28,41
2022-09-29,38
2022-09-30,29
2022-10-01,14
2022-10-02,1
2022-10-03,41
2022-10-04,40
2022-10-05,41
2022-10-06,37
2022-10-07,34
2022-10-08,12
2022-10-09,6
2022-10-10,36
2022-10-11,43
2022-10-12,39
2022-10-13,36
2022-10-14,29
2022-10-15,10
2022-10-16,1
2022-10-17,40
2022-10-18,36
2022-10-19,38
2022-10-20,45
2022-10-21,36
2022-10-22,13
2022-10-23,0
2022-10-24,39
2022-10-25,40
2022-10-26,35
2022-10-27,37
2022-10-28,26
2022-10-29,13
2022-10-30,2
2022-10-31,37
2022-11-01,43
2022-11-02,35
2022-11-03,34
2022-11-04,31
2022-11-05,15
2022-11-06,5
2022-11-07,37
2022-11-08,41
2022-11-09,38
2022-11-10,38
2022-11-11,33
2022-11-12,13
2022-11-13,0
2022-11-14,43
2022-11-15,42
2022-11-16,36
2022-11-17,39
2022-11-18,32
2022-11-19,12
2022-11-20,0
2022-11-21,36
2022-11-22,38
2022-11-23,42
2022-11-24,40
2022-11-25,30
2022-11-26,14
2022-11-27,0
2022-11-28,42
2022-11-29,33
2022-11-30,37
2022-12-01,43
2022-12-02,33
2022-12-03,17
2022-12-04,0
2022-12-05,47
2022-12-06,46
2022-12-07,47
2022-12-08,46
2022-12-09,33
2022-12-10,17
2022-12-11,0
2022-12-12,41
2022-12-13,45
2022-12-14,51
2022-12-15,49
2022-12-16,36
2022-12-17,13
2022-12-18,0
2022-12-19,52
2022-12-20,47
2022-12-21,47
2022-12-22,49
2022-12-23,38
2022-12-24,13
2022-12-25,0
2022-12-26,46
2022-12-27,46
2022-12-28,48
2022-12-29,46
2022-12-30,39
2022-12-31,14
2023-01-01,0
2023-01-02,32
2023-01-03,41
2023-01-04,39
2023-01-05,41
2023-01-06,22
2023-01-07,18
2023-01-08,0
2023-01-09,42
2023-01-10,35
2023-01-11,40
2023-01-12,35
2023-01-13,29
2023-01-14,17
2023-01-15,0
2023-01-16,39
2023-01-17,41
2023-01-18,40
2023-01-19,39
2023-01-20,32
2023-01-21,19
2023-01-22,0
2023-01-23,39
2023-01-24,42
2023-01-25,42
2023-01-26,42
2023-01-27,33
2023-01-28,8
2023-01-29,5
2023-01-30,35
2023-01-31,39
2023-02-01,30
2023-02-02,33
2023-02-03,27
2023-02-04,11
2023-02-05,1
2023-02-06,38
2023-02-07,34
2023-02-08,32
2023-02-09,36
2023-02-10,30
2023-02-11,6
2023-02-12,2
2023-02-13,35
2023-02-14,32
2023-02-15,37
2023-02-16,32
2023-02-17,27
2023-02-18,9
2023-02-19,0
2023-02-20,29
2023-02-21,28
2023-02-22,38
2023-02-23,30
2023-02-24,23
2023-02-25,3
2023-02-26,0
2023-02-27,29
2023-02-28,38
2023-03-01,42
2023-03-02,37
2023-03-03,38
2023-03-04,15
2023-03-05,0
2023-03-06,31
2023-03-07,45
2023-03-08,34
2023-03-09,34
2023-03-10,34
2023-03-11,19
2023-03-12,4
2023-03-13,40
2023-03-14,40
2023-03-15,41
2023-03-16,41
2023-03-17,32
2023-03-18,12
2023-03-19,0
2023-03-20,36
2023-03-21,38
2023-03-22,34
2023-03-23,38
2023-03-24,28
2023-03-25,8
2023-03-26,1
2023-03-27,43
2023-03-28,41
2023-03-29,34
2023-03-30,36
2023-03-31,34
2023-04-01,9
2023-04-02,0
2023-04-03,40
2023-04-04,36
2023-04-05,39
2023-04-06,35
2023-04-07,29
2023-04-08,13
2023-04-09,0
2023-04-10,40
2023-04-11,39
2023-04-12,40
2023-04-13,39
2023-04-14,35
2023-04-15,12
2023-04-16,0
2023-04-17,39
2023-04-18,40
2023-04-19,39
2023-04-20,39
2023-04-21,29
2023-04-22,10
2023-04-23,0
2023-04-24,44
2023-04-25,35
2023-04-26,37
2023-04-27,37
2023-04-28,34
2023-04-29,11
2023-04-30,4
2023-05-01,37
2023-05-02,40
2023-05-03,36
2023-05-04,45
2023-05-05,27
2023-05-06,13
2023-05-07,2
2023-05-08,40
2023-05-09,38
2023-05-10,38
2023-05-11,39
2023-05-12,31
2023-05-13,15
2023-05-14,7
2023-05-15,37
2023-05-16,35
2023-05-17,39
2023-05-18,47
2023-05-19,29
2023-05-20,17
2023-05-21,5
2023-05-22,37
2023-05-23,41
2023-05-24,44
2023-05-25,38
2023-05-26,30
2023-05-27,10
2023-05-28,0
2023-05-29,37
2023-05-30,35
2023-05-31,39
2023-06-01,40
2023-06-02,35
2023-06-03,8
2023-06-04,1
2023-06-05,45
2023-06-06,37
2023-06-07,44
2023-06-08,46
2023-06-09,31
2023-06-10,18
2023-06-11,1
2023-06-12,41
2023-06-13,43
2023-06-14,44
2023-06-15,43
2023-06-16,36
2023-06-17,10
2023-06-18,1
2023-06-19,39
2023-06-20,42
2023-06-21,40
2023-06-22,41
2023-06-23,38
2023-06-24,16
2023-06-25,2
2023-06-26,40
2023-06-27,42
2023-06-28,46
2023-06-29,43
2023-06-30,41
2023-07-01,14
2023-07-02,1
2023-07-03,42
2023-07-04,43
2023-07-05,42
2023-07-06,45
2023-07-07,37
2023-07-08,11
2023-07-09,0
2023-07-10,37
2023-07-11,44
2023-07-12,40
2023-07-13,36
2023-07-14,35
2023-07-15,20
2023-07-16,0
2023-07-17,45
2023-07-18,43
2023-07-19,43
2023-07-20,46
2023-07-21,33
2023-07-22,14
2023-07-23,1
2023-07-24,41
2023-07-25,46
2023-07-26,42
2023-07-27,41
2023-07-28,36
2023-07-29,10
2023-07-30,0
2023-07-31,43
2023-08-01,52
2023-08-02,50
2023-08-03,49
2023-08-04,42
2023-08-05,19
2023-08-06,2
2023-08-07,49
2023-08-08,45
2023-08-09,46
2023-08-10,48
2023-08-11,37
2023-08-12,14
2023-08-13,0
2023-08-14,50
2023-08-15,49
2023-08-16,50
2023-08-17,49
2023-08-18,33
2023-08-19,12
2023-08-20,0
2023-08-21,45
2023-08-22,51
2023-08-23,53
2023-08-24,53
2023-08-25,38
2023-08-26,19
2023-08-27,0
2023-08-28,48
2023-08-29,47
2023-08-30,48
2023-08-31,48
2023-09-01,32
2023-09-02,12
2023-09-03,0
2023-09-04,40
2023-09-05,43
2023-09-06,42
2023-09-07,35
2023-09-08,24
2023-09-09,15
2023-09-10,0
2023-09-11,39
2023-09-12,36
2023-09-13,34
2023-09-14,41
2023-09-15,34
2023-09-16,10
2023-09-17,0
2023-09-18,38
2023-09-19,40
2023-09-20,35
2023-09-21,40
2023-09-22,31
2023-09-23,14
2023-09-24,0
2023-09-25,36
2023-09-26,43
2023-09-27,39
2023-09-28,39
2023-09-29,29
2023-09-30,10
2023-10-01,0
2023-10-02,39
2023-10-03,44
2023-10-04,35
2023-10-05,34
2023-10-06,36
2023-10-07,11
2023-10-08,0
2023-10-09,42
2023-10-10,37
2023-10-11,45
2023-10-12,41
2023-10-13,30
2023-10-14,18
2023-10-15,0
2023-10-16,42
2023-10-17,40
2023-10-18,43
2023-10-19,44
2023-10-20,32
2023-10-21,10
2023-10-22,1
2023-10-23,37
2023-10-24,45
2023-10-25,40
2023-10-26,38
2023-10-27,32
2023-10-28,8
2023-10-29,0
2023-10-30,43
2023-10-31,37
2023-11-01,36
2023-11-02,41
2023-11-03,35
2023-11-04,14
2023-11-05,3
2023-11-06,37
2023-11-07,35
2023-11-08,44
2023-11-09,38
2023-11-10,31
2023-11-11,16
2023-11-12,2
2023-11-13,41
2023-11-14,46
2023-11-15,37
2023-11-16,42
2023-11-17,32
2023-11-18,13
2023-11-19,5
2023-11-20,41
2023-11-21,41
2023-11-22,43
2023-11-23,38
2023-11-24,29
2023-11-25,9
2023-11-26,0
2023-11-27,46
2023-11-28,36
2023-11-29,39
2023-11-30,39
2023-12-01,39
2023-12-02,17
2023-12-03,3
2023-12-04,46
2023-12-05,47
2023-12-06,48
2023-12-07,47
2023-12-08,43
2023-12-09,16
2023-12-10,2
2023-12-11,49
2023-12-12,51
2023-12-13,48
2023-12-14,43
2023-12-15,39
2023-12-16,12
2023-12-17,0
2023-12-18,49
2023-12-19,51
2023-12-20,47
2023-12-21,48
2023-12-22,43
2023-12-23,15
2023-12-24,8
2023-12-25,49
2023-12-26,42
2023-12-27,50
2023-12-28,49
2023-12-29,42
2023-12-30,16
2023-12-31,0
2024-01-01,36
2024-01-02,39
2024-01-03,37
2024-01-04,38
2024-01-05,33
2024-01-06,17
2024-01-07,1
2024-01-08,36
2024-01-09,41
2024-01-10,43
2024-01-11,38
2024-01-12,31
2024-01-13,12
2024-01-14,0
2024-01-15,42
2024-01-16,39
2024-01-17,41
2024-01-18,37
2024-01-19,30
2024-01-20,14
2024-01-21,0
2024-01-22,45
2024-01-23,38
2024-01-24,40
2024-01-25,42
2024-01-26,27
2024-01-27,7
2024-01-28,0
2024-01-29,43
2024-01-30,38
2024-01-31,47
2024-02-01,32
2024-02-02,28
2024-02-03,15
2024-02-04,6
2024-02-05,40
2024-02-06,37
2024-02-07,37
2024-02-08,35
2024-02-09,29
2024-02-10,8
2024-02-11,0
2024-02-12,34
2024-02-13,33
2024-02-14,32
2024-02-15,36
2024-02-16,30
2024-02-17,10
2024-02-18,4
2024-02-19,30
2024-02-20,33
2024-02-21,32
2024-02-22,28
2024-02-23,27
2024-02-24,10
2024-02-25,5
2024-02-26,36
2024-02-27,31
2024-02-28,39
2024-02-29,37
2024-03-01,34
2024-03-02,11
2024-03-03,0
2024-03-04,39
2024-03-05,43
2024-03-06,45
2024-03-07,44
2024-03-08,30
2024-03-09,9
2024-03-10,0
2024-03-11,34
2024-03-12,41
2024-03-13,39
2024-03-14,38
2024-03-15,27
2024-03-16,13
2024-03-17,0
2024-03-18,36
2024-03-19,31
2024-03-20,40
2024-03-21,45
2024-03-22,37
2024-03-23,11
2024-03-24,0
2024-03-25,41
2024-03-26,37
2024-03-27,41
2024-03-28,42
2024-03-29,36
2024-03-30,12
2024-03-31,0
2024-04-01,37
2024-04-02,37
2024-04-03,39
2024-04-04,41
2024-04-05,35
2024-04-06,10
2024-04-07,4
2024-04-08,39
2024-04-09,40
2024-04-10,38
2024-04-11,33
2024-04-12,35
2024-04-13,14
2024-04-14,0
2024-04-15,40
2024-04-16,41
2024-04-17,35
2024-04-18,38
2024-04-19,34
2024-04-20,8
2024-04-21,1
2024-04-22,36
2024-04-23,41
2024-04-24,40
2024-04-25,35
2024-04-26,35
2024-04-27,10
2024-04-28,0
2024-04-29,40
2024-04-30,43
2024-05-01,37
2024-05-02,40
2024-05-03,33
2024-05-04,14
2024-05-05,1
2024-05-06,39
2024-05-07,37
2024-05-08,40
2024-05-09,37
2024-05-10,23
2024-05-11,13
2024-05-12,3
2024-05-13,33
2024-05-14,37
2024-05-15,42
2024-05-16,46
2024-05-17,32
2024-05-18,10
2024-05-19,0
2024-05-20,44
2024-05-21,38
2024-05-22,38
2024-05-23,39
2024-05-24,29
2024-05-25,12
2024-05-26,5
2024-05-27,41
2024-05-28,39
2024-05-29,39
2024-05-30,35
2024-05-31,35
2024-06-01,13
2024-06-02,0
2024-06-03,54
2024-06-04,45
2024-06-05,42
2024-06-06,43
2024-06-07,39
2024-06-08,14
2024-06-09,0
2024-06-10,47
2024-06-11,42
2024-06-12,50
2024-06-13,47
2024-06-14,34
2024-06-15,17
2024-06-16,0
2024-06-17,47
2024-06-18,46
2024-06-19,42
2024-06-20,42
2024-06-21,38
2024-06-22,12
2024-06-23,0
2024-06-24,41
2024-06-25,45
2024-06-26,50
2024-06-27,41
2024-06-28,35
2024-06-29,17
2024-06-30,0
2024-07-01,45
2024-07-02,41
2024-07-03,45
2024-07-04,44
2024-07-05,38
2024-07-06,17
2024-07-07,8
2024-07-08,46
2024-07-09,45
2024-07-10,45
2024-07-11,43
2024-07-12,36
2024-07-13,12
2024-07-14,1
2024-07-15,48
2024-07-16,41
2024-07-17,48
2024-07-18,48
2024-07-19,35
2024-07-20,7
2024-07-21,0
2024-07-22,48
2024-07-23,44
2024-07-24,41
2024-07-25,43
2024-07-26,38
2024-07-27,15
2024-07-28,0
2024-07-29,43
2024-07-30,43
2024-07-31,41
2024-08-01,55
2024-08-02,39
2024-08-03,19
2024-08-04,5
2024-08-05,53
2024-08-06,49
2024-08-07,51
2024-08-08,50
2024-08-09,38
2024-08-10,16
2024-08-11,0
2024-08-12,54
2024-08-13,49
2024-08-14,51
2024-08-15,51
2024-08-16,39
2024-08-17,17
2024-08-18,0
2024-08-19,53
2024-08-20,46
2024-08-21,51
2024-08-22,56
2024-08-23,37
2024-08-24,13
2024-08-25,2
2024-08-26,51
2024-08-27,51
2024-08-28,52
2024-08-29,52
2024-08-30,44
2024-08-31,16
2024-09-01,0
2024-09-02,42
2024-09-03,46
2024-09-04,40
2024-09-05,37
2024-09-06,36
2024-09-07,12
2024-09-08,0
2024-09-09,43
2024-09-10,39
2024-09-11,40
2024-09-12,41
2024-09-13,33
2024-09-14,14
2024-09-15,0
2024-09-16,42
2024-09-17,40
2024-09-18,43
2024-09-19,42
2024-09-20,29
2024-09-21,15
2024-09-22,0
2024-09-23,43
2024-09-24,41
2024-09-25,46
2024-09-26,40
2024-09-27,31
2024-09-28,12
2024-09-29,0
2024-09-30,43
2024-10-01,36
2024-10-02,37
2024-10-03,37
2024-10-04,35
2024-10-05,17
2024-10-06,0
2024-10-07,40
2024-10-08,41
2024-10-09,44
2024-10-10,38
2024-10-11,33
2024-10-12,15
2024-10-13,2
2024-10-14,41
2024-10-15,43
2024-10-16,32
2024-10-17,42
2024-10-18,30
2024-10-19,7
2024-10-20,2
2024-10-21,45
2024-10-22,40
2024-10-23,43
2024-10-24,45
2024-10-25,36
2024-10-26,17
2024-10-27,2
2024-10-28,41
2024-10-29,36
2024-10-30,40
2024-10-31,38
2024-11-01,39
2024-11-02,12
2024-11-03,0
2024-11-04,42
2024-11-05,41
2024-11-06,46
2024-11-07,39
2024-11-08,33
2024-11-09,10
2024-11-10,0
2024-11-11,39
2024-11-12,40
2024-11-13,39
2024-11-14,38
2024-11-15,28
2024-11-16,12
2024-11-17,0
2024-11-18,43
2024-11-19,41
2024-11-20,36
2024-11-21,40
2024-11-22,30
2024-11-23,13
2024-11-24,4
2024-11-25,35
2024-11-26,41
2024-11-27,40
2024-11-28,43
2024-11-29,33
2024-11-30,10
2024-12-01,0
2024-12-02,46
2024-12-03,52
2024-12-04,49
2024-12-05,54
2024-12-06,39
2024-12-07,12
2024-12-08,0
2024-12-09,43
2024-12-10,44
2024-12-11,50
2024-12-12,50
2024-12-13,34
2024-12-14,17
2024-12-15,0
2024-12-16,49
2024-12-17,54
2024-12-18,51
2024-12-19,48
2024-12-20,36
2024-12-21,8
2024-12-22,0
2024-12-23,48
2024-12-24,46
2024-12-25,48
2024-12-26,49
2024-12-27,38
2024-12-28,13
2024-12-29,1
2024-12-30,50
2024-12-31,46
2025-01-01,45
2025-01-02,40
2025-01-03,33
2025-01-04,14
2025-01-05,1
2025-01-06,44
2025-01-07,42
2025-01-08,39
2025-01-09,42
2025-01-10,29
2025-01-11,13
2025-01-12,0
2025-01-13,40
2025-01-14,40
2025-01-15,35
2025-01-16,39
2025-01-17,33
2025-01-18,13
2025-01-19,0
2025-01-20,45
2025-01-21,38
2025-01-22,44
2025-01-23,42
2025-01-24,31
2025-01-25,18
2025-01-26,0
2025-01-27,44
2025-01-28,44
2025-01-29,39
2025-01-30,45
2025-01-31,32
2025-02-01,11
2025-02-02,1
2025-02-03,34
2025-02-04,37
2025-02-05,37
2025-02-06,29
2025-02-07,32
2025-02-08,5
2025-02-09,3
2025-02-10,38
2025-02-11,31
2025-02-12,33
2025-02-13,31
2025-02-14,27
2025-02-15,9
2025-02-16,2
2025-02-17,39
2025-02-18,39
2025-02-19,33
2025-02-20,34
2025-02-21,23
2025-02-22,8
2025-02-23,3
2025-02-24,40
2025-02-25,31
2025-02-26,33
2025-02-27,35
2025-02-28,29
2025-03-01,10
2025-03-02,1
2025-03-03,39
2025-03-04,41
2025-03-05,42
2025-03-06,41
2025-03-07,31
2025-03-08,12
2025-03-09,0
2025-03-10,40
2025-03-11,40
2025-03-12,46
2025-03-13,43
2025-03-14,32
2025-03-15,14
2025-03-16,0
2025-03-17,44
2025-03-18,42
2025-03-19,41
2025-03-20,42
2025-03-21,28
2025-03-22,9
2025-03-23,0
2025-03-24,41
2025-03-25,46
2025-03-26,48
2025-03-27,43
2025-03-28,34
2025-03-29,7
2025-03-30,0
2025-03-31,39
2025-04-01,39
2025-04-02,40
2025-04-03,40
2025-04-04,27
2025-04-05,15
2025-04-06,0
2025-04-07,42
2025-04-08,47
2025-04-09,38
2025-04-10,33
2025-04-11,32
2025-04-12,16
2025-04-13,6
2025-04-14,37
2025-04-15,42
2025-04-16,40
2025-04-17,41
2025-04-18,41
2025-04-19,8
2025-04-20,1
2025-04-21,42
2025-04-22,44
2025-04-23,41
2025-04-24,42
2025-04-25,32
2025-04-26,13
2025-04-27,0
2025-04-28,43
2025-04-29,40
2025-04-30,42
2025-05-01,41
2025-05-02,36
2025-05-03,12
2025-05-04,0
2025-05-05,45
2025-05-06,38
2025-05-07,39
2025-05-08,39
2025-05-09,37
2025-05-10,6
2025-05-11,9
2025-05-12,44
2025-05-13,42
2025-05-14,41
2025-05-15,42
2025-05-16,34
2025-05-17,14
2025-05-18,2
2025-05-19,41
2025-05-20,41
2025-05-21,41
2025-05-22,41
2025-05-23,36
2025-05-24,14
2025-05-25,0
2025-05-26,43
2025-05-27,42
2025-05-28,41
2025-05-29,40
2025-05-30,36
2025-05-31,15
2025-06-01,0
2025-06-02,46
2025-06-03,42
2025-06-04,41
2025-06-05,43
2025-06-06,39
2025-06-07,16
2025-06-08,2
2025-06-09,47
2025-06-10,47
2025-06-11,43
2025-06-12,47
2025-06-13,39
2025-06-14,16
2025-06-15,4
2025-06-16,47
2025-06-17,46
2025-06-18,49
2025-06-19,45
2025-06-20,34
2025-06-21,13
2025-06-22,0
2025-06-23,43
2025-06-24,45
2025-06-25,43
2025-06-26,44
2025-06-27,31
2025-06-28,14
2025-06-29,0
2025-06-30,43
2025-07-01,47
2025-07-02,48
2025-07-03,41
2025-07-04,34
2025-07-05,11
2025-07-06,0
2025-07-07,48
2025-07-08,45
2025-07-09,45
2025-07-10,39
2025-07-11,38
2025-07-12,10
2025-07-13,0
2025-07-14,46
2025-07-15,49
2025-07-16,41
2025-07-17,36
2025-07-18,37
2025-07-19,19
2025-07-20,4
2025-07-21,46
2025-07-22,44
2025-07-23,48
2025-07-24,43
2025-07-25,38
2025-07-26,15
2025-07-27,3
2025-07-28,54
2025-07-29,47
2025-07-30,44
2025-07-31,45
2025-08-01,36
2025-08-02,13
2025-08-03,0
2025-08-04,50
2025-08-05,52
2025-08-06,49
2025-08-07,55
2025-08-08,41
2025-08-09,15
2025-08-10,0
2025-08-11,52
2025-08-12,54
2025-08-13,49
2025-08-14,50
2025-08-15,40
2025-08-16,11
2025-08-17,0
2025-08-18,50
2025-08-19,54
2025-08-20,53
2025-08-21,52
2025-08-22,44
2025-08-23,15
2025-08-24,1
2025-08-25,51
2025-08-26,53
2025-08-27,50
2025-08-28,44
2025-08-29,41
2025-08-30,20
2025-08-31,3
2025-09-01,44
2025-09-02,45
2025-09-03,42
2025-09-04,42
2025-09-05,31
2025-09-06,11
2025-09-07,2
2025-09-08,45
2025-09-09,41
2025-09-10,40
2025-09-11,41
2025-09-12,35
2025-09-13,8
2025-09-14,0
2025-09-15,40
2025-09-16,38
2025-09-17,40
2025-09-18,41
2025-09-19,32
2025-09-20,17
2025-09-21,1
2025-09-22,42
2025-09-23,43
2025-09-24,38
2025-09-25,45
2025-09-26,33
2025-09-27,14
2025-09-28,0
2025-09-29,37
2025-09-30,44
2025-10-01,43
2025-10-02,39
2025-10-03,31
2025-10-04,16
2025-10-05,0
2025-10-06,46
2025-10-07,39
2025-10-08,43
2025-10-09,41
2025-10-10,35
2025-10-11,11
2025-10-12,0
2025-10-13,42
2025-10-14,39
2025-10-15,44
2025-10-16,40
2025-10-17,33
2025-10-18,9
2025-10-19,0
2025-10-20,41
2025-10-21,49
2025-10-22,44
2025-10-23,42
2025-10-24,32
2025-10-25,13
2025-10-26,2
2025-10-27,38
2025-10-28,45
2025-10-29,44
2025-10-30,44
2025-10-31,35
2025-11-01,13
2025-11-02,2
2025-11-03,43
2025-11-04,41
2025-11-05,40
2025-11-06,42
2025-11-07,38
2025-11-08,9
2025-11-09,0
2025-11-10,42
2025-11-11,42
2025-11-12,42
2025-11-13,42
2025-11-14,33
2025-11-15,17
2025-11-16,0
2025-11-17,39
2025-11-18,41
2025-11-19,37
2025-11-20,41
2025-11-21,38
2025-11-22,13
2025-11-23,1
2025-11-24,38
2025-11-25,40
2025-11-26,41
2025-11-27,41
2025-11-28,37
2025-11-29,14
2025-11-30,0
2025-12-01,51
2025-12-02,52
2025-12-03,53
2025-12-04,55
2025-12-05,37
2025-12-06,13
2025-12-07,0
2025-12-08,49
2025-12-09,51
2025-12-10,53
2025-12-11,50
2025-12-12,39
2025-12-13,15
2025-12-14,0
2025-12-15,56
2025-12-16,45
2025-12-17,51
2025-12-18,56
2025-12-19,40
2025-12-20,14
2025-12-21,0
2025-12-22,50
2025-12-23,54
2025-12-24,43
2025-12-25,55
2025-12-26,36
2025-12-27,14
2025-12-28,0
2025-12-29,52
2025-12-30,45
2025-12-31,52
