bhcmis_id,organization,site_name,city,county,type,latitude,longitude,total_patients,uninsured,medicaid,pct_uninsured,pct_medicaid
100700,WHITE BIRD CLINIC,White Bird Street Medicine,Eugene,Lane,Federally Qualified Health Center (FQHC),44.04418959,-123.08698875,4902.0,1202.0,3261.0,0.2452060383516932,0.6652386780905752
102970,ROGUE COMMUNITY HEALTH,Rogue Community Health Talent Health Center,Talent,Jackson,Federally Qualified Health Center (FQHC),42.24663371,-122.78773661,14401.0,767.0,8741.0,0.05326019026456496,0.6069717380737448
100760,"NORTHWEST HUMAN SERVICES, INC.",NORTHWEST HUMAN SERVICES-HOAP Homeless Outreach & Advocacy Project,Salem,Marion,Federally Qualified Health Center (FQHC),44.94556735,-123.03199055,12642.0,734.0,7888.0,0.05806043347571587,0.6239519063439329
107920,LANE COUNTY OREGON,Lane County Mental Health,Eugene,Lane,Federally Qualified Health Center (FQHC),44.06099753,-123.07303439,28346.0,6323.0,16750.0,0.2230649827136104,0.5909122980314683
107660,CENTRAL CITY CONCERN,Blackburn Center,Portland,Multnomah,Federally Qualified Health Center (FQHC),45.52272249,-122.53831925,11360.0,536.0,8679.0,0.047183098591549295,0.7639964788732394
103100,"UMPQUA COMMUNITY HEALTH CENTER, INC.",UCHC Administrative Annex (NO services provided),Roseburg,Douglas,Federally Qualified Health Center (FQHC),43.26084475,-123.35131047,18139.0,922.0,9987.0,0.05082970395280886,0.5505816197144274
107920,LANE COUNTY OREGON,LANE COUNTY,Eugene,Lane,Federally Qualified Health Center (FQHC),44.0515616,-123.09011729,28346.0,6323.0,16750.0,0.2230649827136104,0.5909122980314683
10E00507,OREGON HEALTH & SCIENCE UNIVERSITY,"OHSU Health Family Medicine, East Portland",Portland,Multnomah,Federally Qualified Health Center (FQHC),45.51439368,-122.55934702,12932.0,235.0,5412.0,0.018171976492421898,0.4184967522424992
103100,"UMPQUA COMMUNITY HEALTH CENTER, INC.",Aviva Health - Reproductive & Women's Health Clinic,Roseburg,Douglas,Federally Qualified Health Center (FQHC),43.23824023,-123.3696841,18139.0,922.0,9987.0,0.05082970395280886,0.5505816197144274
102080,ONE COMMUNITY HEALTH,One Community Health - Hood River,Hood River,Hood River,Federally Qualified Health Center (FQHC),45.69615358,-121.51938091,24400.0,2165.0,10545.0,0.08872950819672132,0.432172131147541
105600,MOSAIC COMMUNITY HEALTH,Madras Health Center,Madras,Jefferson,Federally Qualified Health Center (FQHC),44.6380194,-121.11895149,28112.0,1349.0,14734.0,0.047986624928856005,0.5241178144564599
101310,COUNTY OF CLACKAMAS,Clackamas High School SBHC,Clackamas,Clackamas,Federally Qualified Health Center (FQHC),45.41833712,-122.53478209,17686.0,1210.0,13255.0,0.0684156960307588,0.7494628519733122
1010810,BENTON COUNTY,Sweet Home Health Center,Sweet Home,Linn,Federally Qualified Health Center (FQHC),44.3973372,-122.73169026,10514.0,1636.0,5784.0,0.15560205440365227,0.5501236446642572
105600,MOSAIC COMMUNITY HEALTH,Administrative Annex,Bend,Deschutes,Federally Qualified Health Center (FQHC),44.04528922,-121.32440376,28112.0,1349.0,14734.0,0.047986624928856005,0.5241178144564599
101310,COUNTY OF CLACKAMAS,Rex Putnam High School SBHC,Portland,Clackamas,Federally Qualified Health Center (FQHC),45.40027365,-122.60980884,17686.0,1210.0,13255.0,0.0684156960307588,0.7494628519733122
100790,LA CLINCA DEL VALLE FAMILY HEALTH CENTER INC,La Clinica School-Based Health Center at Jackson Elementary School,Medford,Jackson,Federally Qualified Health Center (FQHC),42.33167977,-122.88733324,23919.0,2060.0,15095.0,0.08612400183954179,0.6310882561980016
103100,"UMPQUA COMMUNITY HEALTH CENTER, INC.",Sutherlin Clinic,Sutherlin,Douglas,Federally Qualified Health Center (FQHC),43.38122812,-123.32798489,18139.0,922.0,9987.0,0.05082970395280886,0.5505816197144274
107660,CENTRAL CITY CONCERN,Mobile Service Unit 01,Portland,Multnomah,Federally Qualified Health Center (FQHC),45.5161012,-122.66242674,11360.0,536.0,8679.0,0.047183098591549295,0.7639964788732394
100790,LA CLINCA DEL VALLE FAMILY HEALTH CENTER INC,Phoenix Health Center--La Clinica,Medford,Jackson,Federally Qualified Health Center (FQHC),42.286893,-122.83218156,23919.0,2060.0,15095.0,0.08612400183954179,0.6310882561980016
10E01418,CASCADIA HEALTH,Cascadia Woodland Park Health Center,Portland,Multnomah,Federally Qualified Health Center (FQHC) Look-Alike,45.53632414,-122.55590633,,,,,
107880,"THE NATIVE AMERICAN REHABILITATION ASSOCIATION OF THE NORTHWEST, INCORPORATED",NARA Adult Mental Health and Housing Services,Portland,Multnomah,Federally Qualified Health Center (FQHC),45.50468698,-122.65101646,5025.0,493.0,3097.0,0.09810945273631841,0.616318407960199
105600,MOSAIC COMMUNITY HEALTH,Lynch School-Based Health Center,Redmond,Deschutes,Federally Qualified Health Center (FQHC),44.26660256,-121.18234802,28112.0,1349.0,14734.0,0.047986624928856005,0.5241178144564599
10E00506,NEIGHBORHOOD HEALTH CENTER,NHC Hillsboro Reproductive Health Clinic,Hillsboro,Washington,Federally Qualified Health Center (FQHC),45.52245858,-122.99267289,19718.0,1522.0,14066.0,0.07718835581701998,0.713358352774115
101120,Multnomah County,Parkrose High School Student Health Center,Portland,Multnomah,Federally Qualified Health Center (FQHC),45.55313048,-122.54015053,54930.0,3549.0,44369.0,0.06460950300382305,0.807737119970872
1014200,COUNTY OF LINCOLN,TOLEDO SCHOOL BASED HEALTH CENTER,Toledo,Lincoln,Federally Qualified Health Center (FQHC),44.6336,-123.92189998,3163.0,288.0,1476.0,0.09105279797660448,0.466645589630098
101230,VIRGINIA GARCIA MEMORIAL HEALTH CENTER,Virginia Garcia/LifeWorks NW Beaverton,Beaverton,Washington,Federally Qualified Health Center (FQHC),45.48649247,-122.78662299,48320.0,5313.0,33973.0,0.10995447019867549,0.7030836092715231
101230,VIRGINIA GARCIA MEMORIAL HEALTH CENTER,Virginia Garcia Memorial Health Center - Hillsboro 7th Avenue,Hillsboro,Washington,Federally Qualified Health Center (FQHC),45.52078132,-122.97875298,48320.0,5313.0,33973.0,0.10995447019867549,0.7030836092715231
102970,ROGUE COMMUNITY HEALTH,Rogue Behavioral Health,Medford,Jackson,Federally Qualified Health Center (FQHC),42.32763249,-122.86137867,14401.0,767.0,8741.0,0.05326019026456496,0.6069717380737448
100790,LA CLINCA DEL VALLE FAMILY HEALTH CENTER INC,La Clinica School Based Health Center at Central Point Elementary School,Central Point,Jackson,Federally Qualified Health Center (FQHC),42.37245714,-122.91155836,23919.0,2060.0,15095.0,0.08612400183954179,0.6310882561980016
100150,"SISKIYOU COMMUNITY HEALTH CENTER, INC.",Siskiyou Community Health Center,Grants Pass,Josephine,Federally Qualified Health Center (FQHC),42.43745901,-123.31749603,21248.0,1255.0,11291.0,0.05906438253012048,0.5313911897590361
107660,CENTRAL CITY CONCERN,Hooper Detoxification and Stabilization Center,Portland,Multnomah,Federally Qualified Health Center (FQHC),45.53403395,-122.66698239,11360.0,536.0,8679.0,0.047183098591549295,0.7639964788732394
1010860,"WATERFALL CLINIC, INCORPORATED",Waterfall Dental Services,North Bend,Coos,Federally Qualified Health Center (FQHC),43.38841363,-124.23774602,5606.0,393.0,2443.0,0.07010346057795219,0.435783089546914
107660,CENTRAL CITY CONCERN,Hooper Detoxification and Stabilization Center,Portland,Multnomah,Federally Qualified Health Center (FQHC),45.53435586,-122.66708431,11360.0,536.0,8679.0,0.047183098591549295,0.7639964788732394
106290,OUTSIDE IN,Outside In BH,Portland,Multnomah,Federally Qualified Health Center (FQHC),45.51705842,-122.68510398,5847.0,922.0,3653.0,0.1576877030956046,0.6247648366683769
10E00506,NEIGHBORHOOD HEALTH CENTER,NHC Tanasbourne Medical & Dental Clinic,Hillsboro,Washington,Federally Qualified Health Center (FQHC),45.53389079,-122.86983777,19718.0,1522.0,14066.0,0.07718835581701998,0.713358352774115
101120,Multnomah County,Fernhill Health Center,Portland,Multnomah,Federally Qualified Health Center (FQHC),45.56305264,-122.62022797,54930.0,3549.0,44369.0,0.06460950300382305,0.807737119970872
100150,"SISKIYOU COMMUNITY HEALTH CENTER, INC.",CAREVAN,Grants Pass,Josephine,Federally Qualified Health Center (FQHC),42.459058,-123.32705903,21248.0,1255.0,11291.0,0.05906438253012048,0.5313911897590361
102970,ROGUE COMMUNITY HEALTH,Ashland Health Center,Ashland,Jackson,Federally Qualified Health Center (FQHC),42.20025266,-122.71497482,14401.0,767.0,8741.0,0.05326019026456496,0.6069717380737448
100150,"SISKIYOU COMMUNITY HEALTH CENTER, INC.",GRANTS PASS HIGH SCHOOL - SCHOOL BASED HEALTH CENTER,Grants Pass,Josephine,Federally Qualified Health Center (FQHC),42.44524098,-123.31910896,21248.0,1255.0,11291.0,0.05906438253012048,0.5313911897590361
100790,LA CLINCA DEL VALLE FAMILY HEALTH CENTER INC,La Clinica School-Based Health Center at Scenic Middle School,Central Point,Jackson,Federally Qualified Health Center (FQHC),42.38637911,-122.92272289,23919.0,2060.0,15095.0,0.08612400183954179,0.6310882561980016
100790,LA CLINCA DEL VALLE FAMILY HEALTH CENTER INC,Central Point Health Center--La Clinica,Central Point,Jackson,Federally Qualified Health Center (FQHC),42.38756477,-122.89141405,23919.0,2060.0,15095.0,0.08612400183954179,0.6310882561980016
10E00506,NEIGHBORHOOD HEALTH CENTER,NHC Milwaukie Medical Clinic,Portland,Clackamas,Federally Qualified Health Center (FQHC),45.44874176,-122.62925603,19718.0,1522.0,14066.0,0.07718835581701998,0.713358352774115
100700,WHITE BIRD CLINIC,WHITE BIRD CLINIC,Eugene,Lane,Federally Qualified Health Center (FQHC),44.04681171,-123.08756643,4902.0,1202.0,3261.0,0.2452060383516932,0.6652386780905752
10E00467,ADAPT,Brookings-Harbor School District-Brookings-Harbor High School,Brookings,Curry,Federally Qualified Health Center (FQHC),42.05752737,-124.27996239,7895.0,100.0,4540.0,0.01266624445851805,0.5750474984167194
101310,COUNTY OF CLACKAMAS,Adrienne C. Nelson High School SBHC,Clackamas,Clackamas,Federally Qualified Health Center (FQHC),45.41549775,-122.49368663,17686.0,1210.0,13255.0,0.0684156960307588,0.7494628519733122
101120,Multnomah County,East County Health Center,Gresham,Multnomah,Federally Qualified Health Center (FQHC),45.50265307,-122.42499685,54930.0,3549.0,44369.0,0.06460950300382305,0.807737119970872
103100,"UMPQUA COMMUNITY HEALTH CENTER, INC.",Mobile Unit 24,Roseburg,Douglas,Federally Qualified Health Center (FQHC),43.26245915,-123.35030783,18139.0,922.0,9987.0,0.05082970395280886,0.5505816197144274
100790,LA CLINCA DEL VALLE FAMILY HEALTH CENTER INC,West Medford Health Center--La Clinica,Medford,Jackson,Federally Qualified Health Center (FQHC),42.32346228,-122.8868786,23919.0,2060.0,15095.0,0.08612400183954179,0.6310882561980016
100790,LA CLINCA DEL VALLE FAMILY HEALTH CENTER INC,La Clinica School-Based Health Center at Jewett Elementary School,Central Point,Jackson,Federally Qualified Health Center (FQHC),42.37959404,-122.90897447,23919.0,2060.0,15095.0,0.08612400183954179,0.6310882561980016
100790,LA CLINCA DEL VALLE FAMILY HEALTH CENTER INC,East Medford Dental Clinic--La Clinica,Medford,Jackson,Federally Qualified Health Center (FQHC),42.34582507,-122.87268066,23919.0,2060.0,15095.0,0.08612400183954179,0.6310882561980016
101310,COUNTY OF CLACKAMAS,Beavercreek Health Center,Oregon City,Clackamas,Federally Qualified Health Center (FQHC),45.33572558,-122.59907799,17686.0,1210.0,13255.0,0.0684156960307588,0.7494628519733122
101120,Multnomah County,David Douglas High School Student Health Center,Portland,Multnomah,Federally Qualified Health Center (FQHC),45.51573814,-122.52841562,54930.0,3549.0,44369.0,0.06460950300382305,0.807737119970872
107660,CENTRAL CITY CONCERN,LETTY OWINGS CENTER,Portland,Multnomah,Federally Qualified Health Center (FQHC),45.52608019,-122.63949142,11360.0,536.0,8679.0,0.047183098591549295,0.7639964788732394
105600,MOSAIC COMMUNITY HEALTH,Redmond High School-Based Health Center,Redmond,Deschutes,Federally Qualified Health Center (FQHC),44.27097833,-121.19161052,28112.0,1349.0,14734.0,0.047986624928856005,0.5241178144564599
1010810,BENTON COUNTY,Boys and Girls Club of Corvallis,Corvallis,Benton,Federally Qualified Health Center (FQHC),44.58785614,-123.26473882,10514.0,1636.0,5784.0,0.15560205440365227,0.5501236446642572
107660,CENTRAL CITY CONCERN,16 x Burnside Recovery Center,Portland,Multnomah,Federally Qualified Health Center (FQHC),45.52276402,-122.64924209,11360.0,536.0,8679.0,0.047183098591549295,0.7639964788732394
107880,"THE NATIVE AMERICAN REHABILITATION ASSOCIATION OF THE NORTHWEST, INCORPORATED",NARA Dental Clinic,Portland,Multnomah,Federally Qualified Health Center (FQHC),45.51770315,-122.53272291,5025.0,493.0,3097.0,0.09810945273631841,0.616318407960199
10E00062,NEHALEM BAY HEALTH CENTER AND PHARMACY,Nehalem Bay Health Center & Pharmacy,Wheeler,Tillamook,Federally Qualified Health Center (FQHC),45.68918566,-123.8827782,1424.0,,428.0,0.0,0.300561797752809
107660,CENTRAL CITY CONCERN,Imani Center (Karibu),Portland,Multnomah,Federally Qualified Health Center (FQHC),45.49915065,-122.64495349,11360.0,536.0,8679.0,0.047183098591549295,0.7639964788732394
101630,VALLEY FAMILY HEALTH CARE INC,Nyssa Dental Clinic,Nyssa,Malheur,Federally Qualified Health Center (FQHC),43.87756398,-117.00046003,23306.0,3289.0,10450.0,0.14112245773620527,0.4483823908006522
1010810,BENTON COUNTY,MONROE HEALTH CENTER,Monroe,Benton,Federally Qualified Health Center (FQHC),44.31119944,-123.29839635,10514.0,1636.0,5784.0,0.15560205440365227,0.5501236446642572
10E01418,CASCADIA HEALTH,Cascadia Garlington Health Center,Portland,Multnomah,Federally Qualified Health Center (FQHC) Look-Alike,45.54499765,-122.66127063,,,,,
10E01202,WINDING WATERS MEDICAL CLINIC,Winding Waters Hearts for Health,Enterprise,Wallowa,Federally Qualified Health Center (FQHC),45.43123464,-117.28548103,5705.0,378.0,1897.0,0.06625766871165645,0.3325153374233129
102360,COUNTY OF TILLAMOOK,TILLAMOOK COUNTY HEALTH DEPARTMENT,Tillamook,Tillamook,Federally Qualified Health Center (FQHC),45.45241777,-123.84289752,6021.0,1361.0,2332.0,0.22604218568344128,0.3873110778940375
1018560,LA PINE COMMUNITY HEALTH CENTER,LaPine Community Health Center,La Pine,Deschutes,Federally Qualified Health Center (FQHC),43.67504735,-121.50353567,6611.0,245.0,2533.0,0.03705944637725004,0.38314929662683406
107880,"THE NATIVE AMERICAN REHABILITATION ASSOCIATION OF THE NORTHWEST, INCORPORATED",OLD - NARA Adult Mental Health and Housing Services,Portland,Multnomah,Federally Qualified Health Center (FQHC),45.5174509,-122.69127323,5025.0,493.0,3097.0,0.09810945273631841,0.616318407960199
10E00506,NEIGHBORHOOD HEALTH CENTER,NHC Mobile Medical,Portland,Washington,Federally Qualified Health Center (FQHC),45.42617549,-122.75263974,19718.0,1522.0,14066.0,0.07718835581701998,0.713358352774115
10E01385,CASCADE AIDS PROJECT,Prism Health,Portland,Multnomah,Federally Qualified Health Center (FQHC) Look-Alike,45.54469041,-122.66697585,,,,,
102970,ROGUE COMMUNITY HEALTH,White City Health Center,White City,Jackson,Federally Qualified Health Center (FQHC),42.43824306,-122.8354625,14401.0,767.0,8741.0,0.05326019026456496,0.6069717380737448
107660,CENTRAL CITY CONCERN,16 x BRC Primary Care Clinic,Portland,Multnomah,Federally Qualified Health Center (FQHC),45.52276402,-122.64924209,11360.0,536.0,8679.0,0.047183098591549295,0.7639964788732394
1014200,COUNTY OF LINCOLN,Newport Community Shelter and Resource Center,Newport,Lincoln,Federally Qualified Health Center (FQHC),44.63386818,-124.05688827,3163.0,288.0,1476.0,0.09105279797660448,0.466645589630098
100790,LA CLINCA DEL VALLE FAMILY HEALTH CENTER INC,La Clinica Mobile,Medford,Jackson,Federally Qualified Health Center (FQHC),42.36093328,-122.87807635,23919.0,2060.0,15095.0,0.08612400183954179,0.6310882561980016
10E00492,THE WALLACE MEDICAL CONCERN,Wallace Mobile Van,Portland,Multnomah,Federally Qualified Health Center (FQHC),45.51937706,-122.47104208,7140.0,879.0,5622.0,0.123109243697479,0.7873949579831933
10E00506,NEIGHBORHOOD HEALTH CENTER,NHC Mobile Dental,Portland,Washington,Federally Qualified Health Center (FQHC),45.42617549,-122.75263974,19718.0,1522.0,14066.0,0.07718835581701998,0.713358352774115
100150,"SISKIYOU COMMUNITY HEALTH CENTER, INC.",EVERGREEN ELEMENTARY SCHOOL BASED HEALTH CENTER,Cave Junction,Josephine,Federally Qualified Health Center (FQHC),42.169873,-123.652975,21248.0,1255.0,11291.0,0.05906438253012048,0.5313911897590361
101120,Multnomah County,Multnomah Mobile Clinic,Portland,Multnomah,Federally Qualified Health Center (FQHC),45.51125579,-122.46794773,54930.0,3549.0,44369.0,0.06460950300382305,0.807737119970872
1014200,COUNTY OF LINCOLN,TAFT SCHOOL BASED HEALTH CENTER,Lincoln City,Lincoln,Federally Qualified Health Center (FQHC),44.93782,-124.01499996,3163.0,288.0,1476.0,0.09105279797660448,0.466645589630098
105600,MOSAIC COMMUNITY HEALTH,Bend High School-Based Health Center,Bend,Deschutes,Federally Qualified Health Center (FQHC),44.05126396,-121.29725754,28112.0,1349.0,14734.0,0.047986624928856005,0.5241178144564599
10E00506,NEIGHBORHOOD HEALTH CENTER,NHC Oregon City Dental Clinic,Oregon City,Clackamas,Federally Qualified Health Center (FQHC),45.32947813,-122.5727615,19718.0,1522.0,14066.0,0.07718835581701998,0.713358352774115
101230,VIRGINIA GARCIA MEMORIAL HEALTH CENTER,VIRGINIA GARCIA MEMORIAL HEALTH CENTER- HILLSBORO,Hillsboro,Washington,Federally Qualified Health Center (FQHC),45.5209275,-122.97690041,48320.0,5313.0,33973.0,0.10995447019867549,0.7030836092715231
100790,LA CLINCA DEL VALLE FAMILY HEALTH CENTER INC,La Clinica at The OHRA Center,Ashland,Jackson,Federally Qualified Health Center (FQHC),42.1850885,-122.66942722,23919.0,2060.0,15095.0,0.08612400183954179,0.6310882561980016
101310,COUNTY OF CLACKAMAS,Lake Road Health Center,Milwaukie,Clackamas,Federally Qualified Health Center (FQHC),45.42610056,-122.59451849,17686.0,1210.0,13255.0,0.0684156960307588,0.7494628519733122
106290,OUTSIDE IN,OUTSIDE IN,Portland,Multnomah,Federally Qualified Health Center (FQHC),45.51758283,-122.68656268,5847.0,922.0,3653.0,0.1576877030956046,0.6247648366683769
107880,"THE NATIVE AMERICAN REHABILITATION ASSOCIATION OF THE NORTHWEST, INCORPORATED",Oyate Behavioral Health,Portland,Multnomah,Federally Qualified Health Center (FQHC),45.5184149,-122.69196197,5025.0,493.0,3097.0,0.09810945273631841,0.616318407960199
102910,"KLAMATH HEALTH PARTNERSHIP, INC.",Klamath Open Door Family Practice,Klamath Falls,Klamath,Federally Qualified Health Center (FQHC),42.2155581,-121.76602335,9182.0,1116.0,4014.0,0.12154214768024396,0.43715966020474845
107660,CENTRAL CITY CONCERN,Old Town Recovery Center,Portland,Multnomah,Federally Qualified Health Center (FQHC),45.52342942,-122.67779664,11360.0,536.0,8679.0,0.047183098591549295,0.7639964788732394
100790,LA CLINCA DEL VALLE FAMILY HEALTH CENTER INC,La Clinica School-Based Health Center at Hanby Middle School,Gold Hill,Jackson,Federally Qualified Health Center (FQHC),42.43462115,-123.0552008,23919.0,2060.0,15095.0,0.08612400183954179,0.6310882561980016
107920,LANE COUNTY OREGON,Lane County Treatment Center,Eugene,Lane,Federally Qualified Health Center (FQHC),44.04740669,-123.0994119,28346.0,6323.0,16750.0,0.2230649827136104,0.5909122980314683
107880,"THE NATIVE AMERICAN REHABILITATION ASSOCIATION OF THE NORTHWEST, INCORPORATED",RiverHouse,Portland,Multnomah,Federally Qualified Health Center (FQHC),45.50621068,-122.66407932,5025.0,493.0,3097.0,0.09810945273631841,0.616318407960199
1014200,COUNTY OF LINCOLN,Coastal Healthcare - Waldport,Waldport,Lincoln,Federally Qualified Health Center (FQHC),44.42928608,-124.06185798,3163.0,288.0,1476.0,0.09105279797660448,0.466645589630098
107660,CENTRAL CITY CONCERN,CENTRAL CITY CONCERN,Portland,Multnomah,Federally Qualified Health Center (FQHC),45.52551152,-122.67197071,11360.0,536.0,8679.0,0.047183098591549295,0.7639964788732394
100790,LA CLINCA DEL VALLE FAMILY HEALTH CENTER INC,La Clinica School Based Health Center at Armadillo Community Charter School,Phoenix,Jackson,Federally Qualified Health Center (FQHC),42.27252801,-122.81780862,23919.0,2060.0,15095.0,0.08612400183954179,0.6310882561980016
101630,VALLEY FAMILY HEALTH CARE INC,Valley Family Health Care - Nyssa Medical Clinic,Nyssa,Malheur,Federally Qualified Health Center (FQHC),43.87608411,-116.99659405,23306.0,3289.0,10450.0,0.14112245773620527,0.4483823908006522
100700,WHITE BIRD CLINIC,"Homeless Outreach, Case Management and Advocacy",Eugene,Lane,Federally Qualified Health Center (FQHC),44.04679934,-123.08777514,4902.0,1202.0,3261.0,0.2452060383516932,0.6652386780905752
10E01202,WINDING WATERS MEDICAL CLINIC,Winding Waters Wallowa,Wallowa,Wallowa,Federally Qualified Health Center (FQHC),45.57546712,-117.53663495,5705.0,378.0,1897.0,0.06625766871165645,0.3325153374233129
102360,COUNTY OF TILLAMOOK,Tillamook County Community Health Center - Main Street Health Center,Tillamook,Tillamook,Federally Qualified Health Center (FQHC),45.45242338,-123.84398742,6021.0,1361.0,2332.0,0.22604218568344128,0.3873110778940375
10E00467,ADAPT,Central Curry School District-Gold Beach High School,Gold Beach,Curry,Federally Qualified Health Center (FQHC),42.40802462,-124.42164405,7895.0,100.0,4540.0,0.01266624445851805,0.5750474984167194
102970,ROGUE COMMUNITY HEALTH,Eagle Point School Health Center,Eagle Point,Jackson,Federally Qualified Health Center (FQHC),42.47525649,-122.80176708,14401.0,767.0,8741.0,0.05326019026456496,0.6069717380737448
10E00507,OREGON HEALTH & SCIENCE UNIVERSITY,OHSU Richmond Immediate Care,Portland,Multnomah,Federally Qualified Health Center (FQHC),45.5049992,-122.61834623,12932.0,235.0,5412.0,0.018171976492421898,0.4184967522424992
105600,MOSAIC COMMUNITY HEALTH,Madras High School-Based Health Center,Madras,Jefferson,Federally Qualified Health Center (FQHC),44.63005001,-121.12289995,28112.0,1349.0,14734.0,0.047986624928856005,0.5241178144564599
105600,MOSAIC COMMUNITY HEALTH,Harriman Health Clinic,Bend,Deschutes,Federally Qualified Health Center (FQHC),44.06113261,-121.30966736,28112.0,1349.0,14734.0,0.047986624928856005,0.5241178144564599
107200,COLUMBIA RIVER HEALTH,Columbia River Pharmacy,Boardman,Morrow,Federally Qualified Health Center (FQHC),45.83179896,-119.70132926,3593.0,267.0,1467.0,0.07431116059003619,0.4082939048149179
107880,"THE NATIVE AMERICAN REHABILITATION ASSOCIATION OF THE NORTHWEST, INCORPORATED",NARA NW Outpatient Treatment & Recovery Services Program,Gresham,Multnomah,Federally Qualified Health Center (FQHC),45.50488383,-122.43456713,5025.0,493.0,3097.0,0.09810945273631841,0.616318407960199
102910,"KLAMATH HEALTH PARTNERSHIP, INC.",Klamath Health Partnership Admin,Klamath Falls,Klamath,Federally Qualified Health Center (FQHC),42.21585997,-121.76655996,9182.0,1116.0,4014.0,0.12154214768024396,0.43715966020474845
102970,ROGUE COMMUNITY HEALTH,Administration,Medford,Jackson,Federally Qualified Health Center (FQHC),42.33792437,-122.89530418,14401.0,767.0,8741.0,0.05326019026456496,0.6069717380737448
101230,VIRGINIA GARCIA MEMORIAL HEALTH CENTER,VIRGINIA GARCIA MOBILE VAN,Cornelius,Washington,Federally Qualified Health Center (FQHC),45.5206882,-123.05763582,48320.0,5313.0,33973.0,0.10995447019867549,0.7030836092715231
101230,VIRGINIA GARCIA MEMORIAL HEALTH CENTER,VIRGINIA GARCIA MEMORIAL HEALTH CENTER- NEWBERG DENTAL,Newberg,Yamhill,Federally Qualified Health Center (FQHC),45.30122747,-122.95663397,48320.0,5313.0,33973.0,0.10995447019867549,0.7030836092715231
103100,"UMPQUA COMMUNITY HEALTH CENTER, INC.",Aviva Outpatient Behavioral Health,Roseburg,Douglas,Federally Qualified Health Center (FQHC),43.23579078,-123.38168531,18139.0,922.0,9987.0,0.05082970395280886,0.5505816197144274
105600,MOSAIC COMMUNITY HEALTH,Mosaic Pharmacy - Bend,Bend,Deschutes,Federally Qualified Health Center (FQHC),44.07056937,-121.26115752,28112.0,1349.0,14734.0,0.047986624928856005,0.5241178144564599
10E01202,WINDING WATERS MEDICAL CLINIC,Winding Waters Open Space,Enterprise,Wallowa,Federally Qualified Health Center (FQHC),45.43139952,-117.27893176,5705.0,378.0,1897.0,0.06625766871165645,0.3325153374233129
101230,VIRGINIA GARCIA MEMORIAL HEALTH CENTER,Virginia Garcia Memorial Health Center  -  Center for Addition Triage and Treatment,Hillsboro,Washington,Federally Qualified Health Center (FQHC),45.52842486,-122.93069534,48320.0,5313.0,33973.0,0.10995447019867549,0.7030836092715231
107920,LANE COUNTY OREGON,Delta Oaks Clinic,Eugene,Lane,Federally Qualified Health Center (FQHC),44.0923443,-123.09605394,28346.0,6323.0,16750.0,0.2230649827136104,0.5909122980314683
106290,OUTSIDE IN,Milwaukie High School Health and Wellness Center,Portland,Clackamas,Federally Qualified Health Center (FQHC),45.44060347,-122.63759527,5847.0,922.0,3653.0,0.1576877030956046,0.6247648366683769
101120,Multnomah County,Centennial High School Student Health Center,Gresham,Multnomah,Federally Qualified Health Center (FQHC),45.49632461,-122.47558322,54930.0,3549.0,44369.0,0.06460950300382305,0.807737119970872
105600,MOSAIC COMMUNITY HEALTH,Sisters School-Based Health Center,Sisters,Deschutes,Federally Qualified Health Center (FQHC),44.29566693,-121.57359321,28112.0,1349.0,14734.0,0.047986624928856005,0.5241178144564599
101120,Multnomah County,Jefferson High School Student Health Center,Portland,Multnomah,Federally Qualified Health Center (FQHC),45.56044596,-122.67208471,54930.0,3549.0,44369.0,0.06460950300382305,0.807737119970872
107880,"THE NATIVE AMERICAN REHABILITATION ASSOCIATION OF THE NORTHWEST, INCORPORATED",NARA Outpatient Treatment and Recovery Services Program,Portland,Multnomah,Federally Qualified Health Center (FQHC),45.51725652,-122.69088314,5025.0,493.0,3097.0,0.09810945273631841,0.616318407960199
106290,OUTSIDE IN,Outside In East Side,Portland,Multnomah,Federally Qualified Health Center (FQHC),45.52192918,-122.49697786,5847.0,922.0,3653.0,0.1576877030956046,0.6247648366683769
101120,Multnomah County,Mid County Health Center,Portland,Multnomah,Federally Qualified Health Center (FQHC),45.50353845,-122.53225972,54930.0,3549.0,44369.0,0.06460950300382305,0.807737119970872
100150,"SISKIYOU COMMUNITY HEALTH CENTER, INC.",SISKIYOU COMMUNITY HEALTH CENTER - CAVE JUNCTION,Cave Junction,Josephine,Federally Qualified Health Center (FQHC),42.174893,-123.64471899,21248.0,1255.0,11291.0,0.05906438253012048,0.5313911897590361
10E00467,ADAPT,FQHC - Madrone,Roseburg,Douglas,Federally Qualified Health Center (FQHC),43.2134769,-123.35090923,7895.0,100.0,4540.0,0.01266624445851805,0.5750474984167194
107660,CENTRAL CITY CONCERN,The Biltmore Building,Portland,Multnomah,Federally Qualified Health Center (FQHC),45.52543902,-122.67582186,11360.0,536.0,8679.0,0.047183098591549295,0.7639964788732394
101230,VIRGINIA GARCIA MEMORIAL HEALTH CENTER,VIRGINIA GARCIA MEMORIAL HEALTH CENTER- NEWBERG,Newberg,Yamhill,Federally Qualified Health Center (FQHC),45.30122747,-122.95663397,48320.0,5313.0,33973.0,0.10995447019867549,0.7030836092715231
101120,Multnomah County,Cleveland High School Student Health Center,Portland,Multnomah,Federally Qualified Health Center (FQHC),45.49849707,-122.63860152,54930.0,3549.0,44369.0,0.06460950300382305,0.807737119970872
10E01385,CASCADE AIDS PROJECT,Cascade AIDS Project,Portland,Multnomah,Federally Qualified Health Center (FQHC) Look-Alike,45.52428198,-122.67576503,,,,,
10E00506,NEIGHBORHOOD HEALTH CENTER,NHC Oregon City Medical Clinic,Oregon City,Clackamas,Federally Qualified Health Center (FQHC),45.34540161,-122.59688194,19718.0,1522.0,14066.0,0.07718835581701998,0.713358352774115
102400,ASHER COMMUNITY HEALTH CENTER,Spray Field Office,Spray,Wheeler,Federally Qualified Health Center (FQHC),44.83517442,-119.79279929,1551.0,158.0,513.0,0.10186976144422953,0.3307543520309478
1010860,"WATERFALL CLINIC, INCORPORATED",Starfish Youth Therapy Center,Coos Bay,Coos,Federally Qualified Health Center (FQHC),43.36404543,-124.21739777,5606.0,393.0,2443.0,0.07010346057795219,0.435783089546914
10E01418,CASCADIA HEALTH,Cascadia Health- Administrative Office,Portland,Multnomah,Federally Qualified Health Center (FQHC) Look-Alike,45.52907438,-122.64649191,,,,,
101120,Multnomah County,Leodis V. McDaniel High School Student Health Center,Portland,Multnomah,Federally Qualified Health Center (FQHC),45.54185779,-122.58034721,54930.0,3549.0,44369.0,0.06460950300382305,0.807737119970872
105600,MOSAIC COMMUNITY HEALTH,Bend High School-Based Health Center,Bend,Deschutes,Federally Qualified Health Center (FQHC),44.05281575,-121.29719082,28112.0,1349.0,14734.0,0.047986624928856005,0.5241178144564599
100150,"SISKIYOU COMMUNITY HEALTH CENTER, INC.",NORTH VALLEY HIGH SCHOOL SCHOOL BASED HEALTH CENTER,Grants Pass,Josephine,Federally Qualified Health Center (FQHC),42.518718,-123.37017595,21248.0,1255.0,11291.0,0.05906438253012048,0.5313911897590361
105600,MOSAIC COMMUNITY HEALTH,Crook Kids School-Based Health Center,Prineville,Crook,Federally Qualified Health Center (FQHC),44.30141051,-120.8395747,28112.0,1349.0,14734.0,0.047986624928856005,0.5241178144564599
102970,ROGUE COMMUNITY HEALTH,Butte Falls Health Center,Butte Falls,Jackson,Federally Qualified Health Center (FQHC),42.54085961,-122.564636,14401.0,767.0,8741.0,0.05326019026456496,0.6069717380737448
101120,Multnomah County,Franklin High School Student Health Center,Portland,Multnomah,Federally Qualified Health Center (FQHC),45.50227999,-122.60689999,54930.0,3549.0,44369.0,0.06460950300382305,0.807737119970872
100790,LA CLINCA DEL VALLE FAMILY HEALTH CENTER INC,La Clinica School-Based Health Center at Rogue Primary School,Central Point,Jackson,Federally Qualified Health Center (FQHC),42.36974711,-122.9115095,23919.0,2060.0,15095.0,0.08612400183954179,0.6310882561980016
100150,"SISKIYOU COMMUNITY HEALTH CENTER, INC.",SISKIYOU COMMUNITY HEALTH CENTER,Grants Pass,Josephine,Federally Qualified Health Center (FQHC),42.459058,-123.32705903,21248.0,1255.0,11291.0,0.05906438253012048,0.5313911897590361
101230,VIRGINIA GARCIA MEMORIAL HEALTH CENTER,VIRGINIA GARCIA MEMORIAL HEALTH CENTER- CORNELIUS DENTAL,Cornelius,Washington,Federally Qualified Health Center (FQHC),45.52028901,-123.05800999,48320.0,5313.0,33973.0,0.10995447019867549,0.7030836092715231
101310,COUNTY OF CLACKAMAS,Gladstone Health Clinic,Gladstone,Clackamas,Federally Qualified Health Center (FQHC),45.38446253,-122.59821365,17686.0,1210.0,13255.0,0.0684156960307588,0.7494628519733122
100790,LA CLINCA DEL VALLE FAMILY HEALTH CENTER INC,La Clinica Acute Care Clinic,Medford,Jackson,Federally Qualified Health Center (FQHC),42.33731585,-122.86973426,23919.0,2060.0,15095.0,0.08612400183954179,0.6310882561980016
10E00506,NEIGHBORHOOD HEALTH CENTER,NHC Tualatin SBHC,Tualatin,Washington,Federally Qualified Health Center (FQHC),45.35900401,-122.77469244,19718.0,1522.0,14066.0,0.07718835581701998,0.713358352774115
101230,VIRGINIA GARCIA MEMORIAL HEALTH CENTER,VIRGINIA GARCIA MEMORIAL HEALTH CENTER - SHERIDAN,Sheridan,Yamhill,Federally Qualified Health Center (FQHC),45.093726,-123.39367303,48320.0,5313.0,33973.0,0.10995447019867549,0.7030836092715231
107660,CENTRAL CITY CONCERN,Hansen Clinic at Banfield Value Inn,Portland,Multnomah,Federally Qualified Health Center (FQHC),45.53453619,-122.62593663,11360.0,536.0,8679.0,0.047183098591549295,0.7639964788732394
100790,LA CLINCA DEL VALLE FAMILY HEALTH CENTER INC,La Clinica School-Based Health Center at Crater High School,Central Point,Jackson,Federally Qualified Health Center (FQHC),42.37979215,-122.92112362,23919.0,2060.0,15095.0,0.08612400183954179,0.6310882561980016
102400,ASHER COMMUNITY HEALTH CENTER,MITCHELL SATELLITE CLINIC,Mitchell,Wheeler,Federally Qualified Health Center (FQHC),44.56547069,-120.1539623,1551.0,158.0,513.0,0.10186976144422953,0.3307543520309478
101630,VALLEY FAMILY HEALTH CARE INC,Valley Family Women and Children Clinic,Ontario,Malheur,Federally Qualified Health Center (FQHC),44.02405928,-116.97481669,23306.0,3289.0,10450.0,0.14112245773620527,0.4483823908006522
101310,COUNTY OF CLACKAMAS,Sunnyside Health Center,Clackamas,Clackamas,Federally Qualified Health Center (FQHC),45.43377,-122.56199997,17686.0,1210.0,13255.0,0.0684156960307588,0.7494628519733122
107880,"THE NATIVE AMERICAN REHABILITATION ASSOCIATION OF THE NORTHWEST, INCORPORATED","NARA Child, Youth, & Family Services/NARA Youth Residential Treatment Center",Gresham,Multnomah,Federally Qualified Health Center (FQHC),45.49879899,-122.42449888,5025.0,493.0,3097.0,0.09810945273631841,0.616318407960199
100700,WHITE BIRD CLINIC,WHITE BIRD MEDICAL CLINIC,Eugene,Lane,Federally Qualified Health Center (FQHC),44.04418959,-123.08698875,4902.0,1202.0,3261.0,0.2452060383516932,0.6652386780905752
102080,ONE COMMUNITY HEALTH,One Community Health - Wy'east Middle School,Hood River,Hood River,Federally Qualified Health Center (FQHC),45.63777199,-121.55522042,24400.0,2165.0,10545.0,0.08872950819672132,0.432172131147541
10E00467,ADAPT,Tichenor Wellness Center,Port Orford,Curry,Federally Qualified Health Center (FQHC),42.74913539,-124.49634407,7895.0,100.0,4540.0,0.01266624445851805,0.5750474984167194
10E00492,THE WALLACE MEDICAL CONCERN,Wallace Downtown Rockwood,Portland,Multnomah,Federally Qualified Health Center (FQHC),45.51937706,-122.47104208,7140.0,879.0,5622.0,0.123109243697479,0.7873949579831933
1010860,"WATERFALL CLINIC, INCORPORATED",North Bay Health Center,North Bend,Coos,Federally Qualified Health Center (FQHC),43.50143999,-124.21069996,5606.0,393.0,2443.0,0.07010346057795219,0.435783089546914
10E00507,OREGON HEALTH & SCIENCE UNIVERSITY,Benson Wellness Center,Portland,Multnomah,Federally Qualified Health Center (FQHC),45.52724683,-122.65204978,12932.0,235.0,5412.0,0.018171976492421898,0.4184967522424992
103100,"UMPQUA COMMUNITY HEALTH CENTER, INC.",Mobile Unit 41,Roseburg,Douglas,Federally Qualified Health Center (FQHC),43.26245915,-123.35030783,18139.0,922.0,9987.0,0.05082970395280886,0.5505816197144274
101230,VIRGINIA GARCIA MEMORIAL HEALTH CENTER,Willamina School Based Health Center,Willamina,Yamhill,Federally Qualified Health Center (FQHC),45.08582999,-123.47550002,48320.0,5313.0,33973.0,0.10995447019867549,0.7030836092715231
102080,ONE COMMUNITY HEALTH,One Community Health - Dufur School Health Center,Dufur,Wasco,Federally Qualified Health Center (FQHC),45.4550421,-121.12348283,24400.0,2165.0,10545.0,0.08872950819672132,0.432172131147541
100790,LA CLINCA DEL VALLE FAMILY HEALTH CENTER INC,La Clinica School-Based Health Center at Sams Valley Elementary School,Central Point,Jackson,Federally Qualified Health Center (FQHC),42.49343542,-122.93505233,23919.0,2060.0,15095.0,0.08612400183954179,0.6310882561980016
107660,CENTRAL CITY CONCERN,Puentes,Portland,Multnomah,Federally Qualified Health Center (FQHC),45.52069675,-122.55877403,11360.0,536.0,8679.0,0.047183098591549295,0.7639964788732394
100790,LA CLINCA DEL VALLE FAMILY HEALTH CENTER INC,La Clinica School Based Health Center at Mae Richardson Elementary School,Central Point,Jackson,Federally Qualified Health Center (FQHC),42.3723315,-122.9208549,23919.0,2060.0,15095.0,0.08612400183954179,0.6310882561980016
100700,WHITE BIRD CLINIC,WHITE BIRD DENTAL CLINIC,Eugene,Lane,Federally Qualified Health Center (FQHC),44.04421256,-123.08943752,4902.0,1202.0,3261.0,0.2452060383516932,0.6652386780905752
101030,YAKIMA VALLEY FARM WORKERS CLINIC,Coastal Family Health Center,Astoria,Clatsop,Federally Qualified Health Center (FQHC),46.18929707,-123.81637517,202651.0,20211.0,133722.0,0.09973303857370554,0.659863509185743
10E00492,THE WALLACE MEDICAL CONCERN,Wallace Student Health Center,Gresham,Multnomah,Federally Qualified Health Center (FQHC),45.50544353,-122.43105697,7140.0,879.0,5622.0,0.123109243697479,0.7873949579831933
102080,ONE COMMUNITY HEALTH,Mobile Health Unit 3,Hood River,Hood River,Federally Qualified Health Center (FQHC),45.69615358,-121.51938091,24400.0,2165.0,10545.0,0.08872950819672132,0.432172131147541
100790,LA CLINCA DEL VALLE FAMILY HEALTH CENTER INC,La Clinica School-Based Health Center at Patrick Elementary School,Gold Hill,Jackson,Federally Qualified Health Center (FQHC),42.4334782,-123.06286697,23919.0,2060.0,15095.0,0.08612400183954179,0.6310882561980016
1010860,"WATERFALL CLINIC, INCORPORATED","WATERFALL CLINIC, INC.",North Bend,Coos,Federally Qualified Health Center (FQHC),43.38913397,-124.23759447,5606.0,393.0,2443.0,0.07010346057795219,0.435783089546914
1010860,"WATERFALL CLINIC, INCORPORATED",Waterfall Clinic Marshfield High School,Coos Bay,Coos,Federally Qualified Health Center (FQHC),43.3596469,-124.22167496,5606.0,393.0,2443.0,0.07010346057795219,0.435783089546914
100150,"SISKIYOU COMMUNITY HEALTH CENTER, INC.",LORNA BYRNE SCHOOL BASED HEALTH CENTER,Cave Junction,Josephine,Federally Qualified Health Center (FQHC),42.16716925,-123.6437956,21248.0,1255.0,11291.0,0.05906438253012048,0.5313911897590361
10E01202,WINDING WATERS MEDICAL CLINIC,Enterprise Pharmacy of Winding Waters,Enterprise,Wallowa,Federally Qualified Health Center (FQHC),45.42670347,-117.28299965,5705.0,378.0,1897.0,0.06625766871165645,0.3325153374233129
107920,LANE COUNTY OREGON,Mobile Van #1,Eugene,Lane,Federally Qualified Health Center (FQHC),44.09644825,-123.09590231,28346.0,6323.0,16750.0,0.2230649827136104,0.5909122980314683
100150,"SISKIYOU COMMUNITY HEALTH CENTER, INC.",ILLINOIS VALLEY HIGH SCHOOL BASED HEALTH CENTER,Cave Junction,Josephine,Federally Qualified Health Center (FQHC),42.167285,-123.63179401,21248.0,1255.0,11291.0,0.05906438253012048,0.5313911897590361
101030,YAKIMA VALLEY FARM WORKERS CLINIC,Lancaster Family Health Center at Lancaster,Salem,Marion,Federally Qualified Health Center (FQHC),44.92995958,-122.98473221,202651.0,20211.0,133722.0,0.09973303857370554,0.659863509185743
101030,YAKIMA VALLEY FARM WORKERS CLINIC,Rosewood Family Health Center at Lents,Portland,Multnomah,Federally Qualified Health Center (FQHC),45.48051571,-122.57029345,202651.0,20211.0,133722.0,0.09973303857370554,0.659863509185743
105600,MOSAIC COMMUNITY HEALTH,Bend Admin Site,Bend,Deschutes,Federally Qualified Health Center (FQHC),44.04338095,-121.32483241,28112.0,1349.0,14734.0,0.047986624928856005,0.5241178144564599
107920,LANE COUNTY OREGON,Springfield Schools Health Center,Springfield,Lane,Federally Qualified Health Center (FQHC),44.05420886,-123.01373468,28346.0,6323.0,16750.0,0.2230649827136104,0.5909122980314683
101230,VIRGINIA GARCIA MEMORIAL HEALTH CENTER,Virginia Garcia Memorial Health Center- Administration,Hillsboro,Washington,Federally Qualified Health Center (FQHC),45.54371253,-122.89191001,48320.0,5313.0,33973.0,0.10995447019867549,0.7030836092715231
102970,ROGUE COMMUNITY HEALTH,White Mountain Health Center,White City,Jackson,Federally Qualified Health Center (FQHC),42.43788666,-122.82808165,14401.0,767.0,8741.0,0.05326019026456496,0.6069717380737448
101230,VIRGINIA GARCIA MEMORIAL HEALTH CENTER,Virginia Garcia Reproductive Health Clinic,Hillsboro,Washington,Federally Qualified Health Center (FQHC),45.51971255,-122.97905422,48320.0,5313.0,33973.0,0.10995447019867549,0.7030836092715231
107880,"THE NATIVE AMERICAN REHABILITATION ASSOCIATION OF THE NORTHWEST, INCORPORATED",NARA Indian Health Clinic,Portland,Multnomah,Federally Qualified Health Center (FQHC),45.53685475,-122.65829195,5025.0,493.0,3097.0,0.09810945273631841,0.616318407960199
10E01418,CASCADIA HEALTH,Cascadia Plaza Health Center,Portland,Multnomah,Federally Qualified Health Center (FQHC) Look-Alike,45.50499803,-122.6183464,,,,,
100760,"NORTHWEST HUMAN SERVICES, INC.",NORTHWEST HUMAN SERVICES-HOST Youth & Family Program,Salem,Marion,Federally Qualified Health Center (FQHC),44.95125229,-123.03449674,12642.0,734.0,7888.0,0.05806043347571587,0.6239519063439329
1010810,BENTON COUNTY,BENTON HEALTH CENTER,Corvallis,Benton,Federally Qualified Health Center (FQHC),44.5732741,-123.28150187,10514.0,1636.0,5784.0,0.15560205440365227,0.5501236446642572
101230,VIRGINIA GARCIA MEMORIAL HEALTH CENTER,VIRGINIA GARCIA MOBILE VAN 2,Cornelius,Washington,Federally Qualified Health Center (FQHC),45.5206882,-123.05763582,48320.0,5313.0,33973.0,0.10995447019867549,0.7030836092715231
100790,LA CLINCA DEL VALLE FAMILY HEALTH CENTER INC,La Clinica School-Based Health Center at Oak Grove Elementary School,Medford,Jackson,Federally Qualified Health Center (FQHC),42.32444585,-122.90949474,23919.0,2060.0,15095.0,0.08612400183954179,0.6310882561980016
102360,COUNTY OF TILLAMOOK,Tillamook CHC Dental Clinic,Tillamook,Tillamook,Federally Qualified Health Center (FQHC),45.45206003,-123.84475344,6021.0,1361.0,2332.0,0.22604218568344128,0.3873110778940375
105600,MOSAIC COMMUNITY HEALTH,Prineville Health Center,Prineville,Crook,Federally Qualified Health Center (FQHC),44.30361352,-120.84911582,28112.0,1349.0,14734.0,0.047986624928856005,0.5241178144564599
102970,ROGUE COMMUNITY HEALTH,Rogue Main St Dental,Medford,Jackson,Federally Qualified Health Center (FQHC),42.32773969,-122.86195401,14401.0,767.0,8741.0,0.05326019026456496,0.6069717380737448
10E01418,CASCADIA HEALTH,Cascadia Plaza Health Center 200,Portland,Multnomah,Federally Qualified Health Center (FQHC) Look-Alike,45.5049992,-122.61834623,,,,,
1014200,COUNTY OF LINCOLN,Western Title Building,Newport,Lincoln,Federally Qualified Health Center (FQHC),44.63378,-124.05499002,3163.0,288.0,1476.0,0.09105279797660448,0.466645589630098
100790,LA CLINCA DEL VALLE FAMILY HEALTH CENTER INC,Women's Health Center--La Clinica,Medford,Jackson,Federally Qualified Health Center (FQHC),42.3121719,-122.86516629,23919.0,2060.0,15095.0,0.08612400183954179,0.6310882561980016
101120,Multnomah County,Billi Odegaard Dental Clinic,Portland,Multnomah,Federally Qualified Health Center (FQHC),45.52342602,-122.67749296,54930.0,3549.0,44369.0,0.06460950300382305,0.807737119970872
101030,YAKIMA VALLEY FARM WORKERS CLINIC,Rosewood Family Health Center,Portland,Multnomah,Federally Qualified Health Center (FQHC),45.49702252,-122.57214124,202651.0,20211.0,133722.0,0.09973303857370554,0.659863509185743
107660,CENTRAL CITY CONCERN,Health Services Leadership Office,Portland,Multnomah,Federally Qualified Health Center (FQHC),45.52285735,-122.67801515,11360.0,536.0,8679.0,0.047183098591549295,0.7639964788732394
105600,MOSAIC COMMUNITY HEALTH,East Bend Health Center,Bend,Deschutes,Federally Qualified Health Center (FQHC),44.06513593,-121.27191712,28112.0,1349.0,14734.0,0.047986624928856005,0.5241178144564599
101630,VALLEY FAMILY HEALTH CARE INC,"Ontario Medical, Pharmacy, and Dental Clinic Building",Ontario,Malheur,Federally Qualified Health Center (FQHC),44.02533216,-116.99724037,23306.0,3289.0,10450.0,0.14112245773620527,0.4483823908006522
102360,COUNTY OF TILLAMOOK,Mobile Clinic,Tillamook,Tillamook,Federally Qualified Health Center (FQHC),45.48646412,-123.84623243,6021.0,1361.0,2332.0,0.22604218568344128,0.3873110778940375
101230,VIRGINIA GARCIA MEMORIAL HEALTH CENTER,Virginia Garcia Beaverton Dental Clinic,Beaverton,Washington,Federally Qualified Health Center (FQHC),45.49086346,-122.80675021,48320.0,5313.0,33973.0,0.10995447019867549,0.7030836092715231
10E00506,NEIGHBORHOOD HEALTH CENTER,NHC Dental at Milwaukie High School Health and Wellness Center,Portland,Clackamas,Federally Qualified Health Center (FQHC),45.44060347,-122.63759527,19718.0,1522.0,14066.0,0.07718835581701998,0.713358352774115
1010810,BENTON COUNTY,LINCOLN HEALTH CENTER,Corvallis,Benton,Federally Qualified Health Center (FQHC),44.54441039,-123.26556192,10514.0,1636.0,5784.0,0.15560205440365227,0.5501236446642572
101630,VALLEY FAMILY HEALTH CARE INC,Fortner Neighborhood Clinic,Ontario,Malheur,Federally Qualified Health Center (FQHC),44.03598631,-116.96507767,23306.0,3289.0,10450.0,0.14112245773620527,0.4483823908006522
10E00467,ADAPT,Coast Community Health Center - Behavioral Health,Bandon,Coos,Federally Qualified Health Center (FQHC),43.11938991,-124.39982034,7895.0,100.0,4540.0,0.01266624445851805,0.5750474984167194
100790,LA CLINCA DEL VALLE FAMILY HEALTH CENTER INC,Center for Learning and Innovation--La Clinica,Medford,Jackson,Federally Qualified Health Center (FQHC),42.36093328,-122.87807635,23919.0,2060.0,15095.0,0.08612400183954179,0.6310882561980016
102080,ONE COMMUNITY HEALTH,One Community Health -- The Dalles,The Dalles,Wasco,Federally Qualified Health Center (FQHC),45.60602243,-121.20693742,24400.0,2165.0,10545.0,0.08872950819672132,0.432172131147541
102970,ROGUE COMMUNITY HEALTH,East McAndrews Suite 202,Medford,Jackson,Federally Qualified Health Center (FQHC),42.34105078,-122.86822987,14401.0,767.0,8741.0,0.05326019026456496,0.6069717380737448
107880,"THE NATIVE AMERICAN REHABILITATION ASSOCIATION OF THE NORTHWEST, INCORPORATED",NARA Residential Treatment Center,Portland,Multnomah,Federally Qualified Health Center (FQHC),45.65014648,-122.85033753,5025.0,493.0,3097.0,0.09810945273631841,0.616318407960199
103100,"UMPQUA COMMUNITY HEALTH CENTER, INC.",Umpqua Community Health Center,Roseburg,Douglas,Federally Qualified Health Center (FQHC),43.26245915,-123.35030783,18139.0,922.0,9987.0,0.05082970395280886,0.5505816197144274
105600,MOSAIC COMMUNITY HEALTH,Conners Health Center,Bend,Deschutes,Federally Qualified Health Center (FQHC),44.07096437,-121.2617492,28112.0,1349.0,14734.0,0.047986624928856005,0.5241178144564599
107660,CENTRAL CITY CONCERN,River Haven Clinic,Portland,Multnomah,Federally Qualified Health Center (FQHC),45.55997674,-122.55779134,11360.0,536.0,8679.0,0.047183098591549295,0.7639964788732394
102970,ROGUE COMMUNITY HEALTH,Ashland School Health Center,Ashland,Jackson,Federally Qualified Health Center (FQHC),42.19070626,-122.69958875,14401.0,767.0,8741.0,0.05326019026456496,0.6069717380737448
101310,COUNTY OF CLACKAMAS,Oregon City High School SBHC,Oregon City,Clackamas,Federally Qualified Health Center (FQHC),45.32024961,-122.56081176,17686.0,1210.0,13255.0,0.0684156960307588,0.7494628519733122
10E00506,NEIGHBORHOOD HEALTH CENTER,NHC Merlo Station SBHC,Beaverton,Washington,Federally Qualified Health Center (FQHC),45.50609455,-122.84769178,19718.0,1522.0,14066.0,0.07718835581701998,0.713358352774115
102970,ROGUE COMMUNITY HEALTH,Prospect Charter School,Prospect,Jackson,Federally Qualified Health Center (FQHC),42.75199404,-122.4891091,14401.0,767.0,8741.0,0.05326019026456496,0.6069717380737448
10E00506,NEIGHBORHOOD HEALTH CENTER,NHC Administration Support,Portland,Washington,Federally Qualified Health Center (FQHC),45.4255282,-122.75326319,19718.0,1522.0,14066.0,0.07718835581701998,0.713358352774115
101630,VALLEY FAMILY HEALTH CARE INC,Valley Family Health Care - Vale Medical Clinic,Vale,Malheur,Federally Qualified Health Center (FQHC),43.98238219,-117.2476162,23306.0,3289.0,10450.0,0.14112245773620527,0.4483823908006522
101120,Multnomah County,Reynolds High School Student Health Center,Troutdale,Multnomah,Federally Qualified Health Center (FQHC),45.52806101,-122.40159097,54930.0,3549.0,44369.0,0.06460950300382305,0.807737119970872
100760,"NORTHWEST HUMAN SERVICES, INC.","NORTHWEST HUMAN SERVICES, INC.",Salem,Marion,Federally Qualified Health Center (FQHC),44.94239568,-123.03247092,12642.0,734.0,7888.0,0.05806043347571587,0.6239519063439329
101120,Multnomah County,Northeast Health Center,Portland,Multnomah,Federally Qualified Health Center (FQHC),45.56217334,-122.66184504,54930.0,3549.0,44369.0,0.06460950300382305,0.807737119970872
101230,VIRGINIA GARCIA MEMORIAL HEALTH CENTER,Hillsboro School-Based Health Center,Hillsboro,Washington,Federally Qualified Health Center (FQHC),45.50537098,-122.91482756,48320.0,5313.0,33973.0,0.10995447019867549,0.7030836092715231
107920,LANE COUNTY OREGON,Lane County Clinical Financial Services Office,Eugene,Lane,Federally Qualified Health Center (FQHC),44.06000729,-123.06759135,28346.0,6323.0,16750.0,0.2230649827136104,0.5909122980314683
100760,"NORTHWEST HUMAN SERVICES, INC.",QuickCare Clinic,Salem,Polk,Federally Qualified Health Center (FQHC),44.94022628,-123.05987455,12642.0,734.0,7888.0,0.05806043347571587,0.6239519063439329
10E00062,NEHALEM BAY HEALTH CENTER AND PHARMACY,Nehalem Elementary School,Nehalem,Tillamook,Federally Qualified Health Center (FQHC),45.72066386,-123.89526003,1424.0,,428.0,0.0,0.300561797752809
100790,LA CLINCA DEL VALLE FAMILY HEALTH CENTER INC,La Clinica School-Based Health Center at Phoenix High School,Phoenix,Jackson,Federally Qualified Health Center (FQHC),42.27643155,-122.82314831,23919.0,2060.0,15095.0,0.08612400183954179,0.6310882561980016
100700,WHITE BIRD CLINIC,Harm Reduction & Treatment Center,Eugene,Lane,Federally Qualified Health Center (FQHC),44.05276969,-123.11249496,4902.0,1202.0,3261.0,0.2452060383516932,0.6652386780905752
100790,LA CLINCA DEL VALLE FAMILY HEALTH CENTER INC,Birch Grove Health Center--La Clinica,Medford,Jackson,Federally Qualified Health Center (FQHC),42.31848389,-122.86582058,23919.0,2060.0,15095.0,0.08612400183954179,0.6310882561980016
102080,ONE COMMUNITY HEALTH,One Community Health - Hood River Middle School,Hood River,Hood River,Federally Qualified Health Center (FQHC),45.70431122,-121.52801225,24400.0,2165.0,10545.0,0.08872950819672132,0.432172131147541
105600,MOSAIC COMMUNITY HEALTH,Mosaic Pharmacy - Redmond,Redmond,Deschutes,Federally Qualified Health Center (FQHC),44.26484839,-121.1793535,28112.0,1349.0,14734.0,0.047986624928856005,0.5241178144564599
102400,ASHER COMMUNITY HEALTH CENTER,ASHER CLINIC,Fossil,Wheeler,Federally Qualified Health Center (FQHC),44.99827707,-120.21214993,1551.0,158.0,513.0,0.10186976144422953,0.3307543520309478
105600,MOSAIC COMMUNITY HEALTH,Mosaic Pharmacy - Madras,Madras,Jefferson,Federally Qualified Health Center (FQHC),44.63810326,-121.11892039,28112.0,1349.0,14734.0,0.047986624928856005,0.5241178144564599
10E00467,ADAPT,FQHC - Main Winston,Winston,Douglas,Federally Qualified Health Center (FQHC),43.11463787,-123.4167246,7895.0,100.0,4540.0,0.01266624445851805,0.5750474984167194
102080,ONE COMMUNITY HEALTH,One Community Health -- The Dalles Express Clinic,The Dalles,Wasco,Federally Qualified Health Center (FQHC),45.60751506,-121.20545573,24400.0,2165.0,10545.0,0.08872950819672132,0.432172131147541
1014200,COUNTY OF LINCOLN,Coastal Healthcare - Newport,Newport,Lincoln,Federally Qualified Health Center (FQHC),44.63603117,-124.05582905,3163.0,288.0,1476.0,0.09105279797660448,0.466645589630098
1014200,COUNTY OF LINCOLN,WALDPORT SCHOOL BASED HEALTH CENTER,Waldport,Lincoln,Federally Qualified Health Center (FQHC),44.40403434,-124.06550518,3163.0,288.0,1476.0,0.09105279797660448,0.466645589630098
1010810,BENTON COUNTY,East Linn Health Center,Lebanon,Linn,Federally Qualified Health Center (FQHC),44.54920245,-122.90933841,10514.0,1636.0,5784.0,0.15560205440365227,0.5501236446642572
10E00492,THE WALLACE MEDICAL CONCERN,Rosewood Dental Clinic,Portland,Multnomah,Federally Qualified Health Center (FQHC),45.52285035,-122.4757755,7140.0,879.0,5622.0,0.123109243697479,0.7873949579831933
1018560,LA PINE COMMUNITY HEALTH CENTER,Gilchrist School Based Health Center,Gilchrist,Klamath,Federally Qualified Health Center (FQHC),43.47854928,-121.68630185,6611.0,245.0,2533.0,0.03705944637725004,0.38314929662683406
100790,LA CLINCA DEL VALLE FAMILY HEALTH CENTER INC,La Clinica School-Based Health Center at Talent Elementary School,Talent,Jackson,Federally Qualified Health Center (FQHC),42.2412971,-122.79243675,23919.0,2060.0,15095.0,0.08612400183954179,0.6310882561980016
102970,ROGUE COMMUNITY HEALTH,Eagle Point Health Center,Eagle Point,Jackson,Federally Qualified Health Center (FQHC),42.47269557,-122.81187063,14401.0,767.0,8741.0,0.05326019026456496,0.6069717380737448
1010810,BENTON COUNTY,CHILDREN'S FARM HOME,Corvallis,Benton,Federally Qualified Health Center (FQHC),44.60791344,-123.21665218,10514.0,1636.0,5784.0,0.15560205440365227,0.5501236446642572
100790,LA CLINCA DEL VALLE FAMILY HEALTH CENTER INC,La Clinica School-Based Health Center at Talent Middle School,Talent,Jackson,Federally Qualified Health Center (FQHC),42.23992048,-122.79322341,23919.0,2060.0,15095.0,0.08612400183954179,0.6310882561980016
102080,ONE COMMUNITY HEALTH,Mobile Health Unit 2,Hood River,Hood River,Federally Qualified Health Center (FQHC),45.69615358,-121.51938091,24400.0,2165.0,10545.0,0.08872950819672132,0.432172131147541
1010810,BENTON COUNTY,Children and Families,Corvallis,Benton,Federally Qualified Health Center (FQHC),44.55176006,-123.29795831,10514.0,1636.0,5784.0,0.15560205440365227,0.5501236446642572
101030,YAKIMA VALLEY FARM WORKERS CLINIC,Lancaster Family Health Center at Beverly,Salem,Marion,Federally Qualified Health Center (FQHC),44.96084634,-122.98487043,202651.0,20211.0,133722.0,0.09973303857370554,0.659863509185743
10E00467,ADAPT,FQHC Mobile Medical Clinic,Roseburg,Douglas,Federally Qualified Health Center (FQHC),43.21260401,-123.31354497,7895.0,100.0,4540.0,0.01266624445851805,0.5750474984167194
100790,LA CLINCA DEL VALLE FAMILY HEALTH CENTER INC,La Clinica School-Based Health Center at Washington Elementary School,Medford,Jackson,Federally Qualified Health Center (FQHC),42.31699334,-122.88312812,23919.0,2060.0,15095.0,0.08612400183954179,0.6310882561980016
107880,"THE NATIVE AMERICAN REHABILITATION ASSOCIATION OF THE NORTHWEST, INCORPORATED",NARA Wellness Center,Portland,Multnomah,Federally Qualified Health Center (FQHC),45.52200873,-122.53557242,5025.0,493.0,3097.0,0.09810945273631841,0.616318407960199
10E01418,CASCADIA HEALTH,Cascadia Woodland Park Health Center,Portland,Multnomah,Federally Qualified Health Center (FQHC) Look-Alike,45.53632414,-122.55590633,,,,,
10E01418,CASCADIA HEALTH,Cascadia Talbert Health Center,Clackamas,Clackamas,Federally Qualified Health Center (FQHC) Look-Alike,45.42740177,-122.53655252,,,,,
103100,"UMPQUA COMMUNITY HEALTH CENTER, INC.",Aviva Health Support Services,Roseburg,Douglas,Federally Qualified Health Center (FQHC),43.25933819,-123.35139965,18139.0,922.0,9987.0,0.05082970395280886,0.5505816197144274
103100,"UMPQUA COMMUNITY HEALTH CENTER, INC.",UMPQUA COMM HLTH CTR @ DRAIN,Drain,Douglas,Federally Qualified Health Center (FQHC),43.66231419,-123.31794136,18139.0,922.0,9987.0,0.05082970395280886,0.5505816197144274
105600,MOSAIC COMMUNITY HEALTH,Mountain View School-Based Health Center,Bend,Deschutes,Federally Qualified Health Center (FQHC),44.07777194,-121.26566028,28112.0,1349.0,14734.0,0.047986624928856005,0.5241178144564599
10E01202,WINDING WATERS MEDICAL CLINIC,Winding Waters Medical Clinic,Enterprise,Wallowa,Federally Qualified Health Center (FQHC),45.43244549,-117.28586383,5705.0,378.0,1897.0,0.06625766871165645,0.3325153374233129
101030,YAKIMA VALLEY FARM WORKERS CLINIC,Coastal Family Health Center Admin Office,Astoria,Clatsop,Federally Qualified Health Center (FQHC),46.19464451,-123.79722604,202651.0,20211.0,133722.0,0.09973303857370554,0.659863509185743
107920,LANE COUNTY OREGON,South Lane Clinic,Cottage Grove,Lane,Federally Qualified Health Center (FQHC),43.78775113,-123.07163536,28346.0,6323.0,16750.0,0.2230649827136104,0.5909122980314683
102970,ROGUE COMMUNITY HEALTH,East McAndrews Suite 102,Medford,Jackson,Federally Qualified Health Center (FQHC),42.34105078,-122.86824756,14401.0,767.0,8741.0,0.05326019026456496,0.6069717380737448
107200,COLUMBIA RIVER HEALTH,Columbia River Health,Boardman,Morrow,Federally Qualified Health Center (FQHC),45.82923896,-119.70399227,3593.0,267.0,1467.0,0.07431116059003619,0.4082939048149179
105600,MOSAIC COMMUNITY HEALTH,Mobile Clinic,Prineville,Crook,Federally Qualified Health Center (FQHC),44.30361352,-120.84911582,28112.0,1349.0,14734.0,0.047986624928856005,0.5241178144564599
107660,CENTRAL CITY CONCERN,Old Town Clinic,Portland,Multnomah,Federally Qualified Health Center (FQHC),45.52285735,-122.67801515,11360.0,536.0,8679.0,0.047183098591549295,0.7639964788732394
102910,"KLAMATH HEALTH PARTNERSHIP, INC.",SBHC-Mazama High,Klamath Falls,Klamath,Federally Qualified Health Center (FQHC),42.19792786,-121.73772085,9182.0,1116.0,4014.0,0.12154214768024396,0.43715966020474845
10E00467,ADAPT,Bandon Community Health Center,Bandon,Coos,Federally Qualified Health Center (FQHC),43.11940843,-124.39980592,7895.0,100.0,4540.0,0.01266624445851805,0.5750474984167194
107920,LANE COUNTY OREGON,Riverstone Clinic,Springfield,Lane,Federally Qualified Health Center (FQHC),44.05928846,-122.99471086,28346.0,6323.0,16750.0,0.2230649827136104,0.5909122980314683
107660,CENTRAL CITY CONCERN,Mobile Service Unit 2,Portland,Multnomah,Federally Qualified Health Center (FQHC),45.5161012,-122.66242674,11360.0,536.0,8679.0,0.047183098591549295,0.7639964788732394
102970,ROGUE COMMUNITY HEALTH,Behavioral/Integrative Health Services,Medford,Jackson,Federally Qualified Health Center (FQHC),42.32769087,-122.86274551,14401.0,767.0,8741.0,0.05326019026456496,0.6069717380737448
100790,LA CLINCA DEL VALLE FAMILY HEALTH CENTER INC,La Clinica Student Health & Wellness Center at Southern Oregon University,Ashland,Jackson,Federally Qualified Health Center (FQHC),42.18473654,-122.69176466,23919.0,2060.0,15095.0,0.08612400183954179,0.6310882561980016
10E00467,ADAPT,FQHC Diamond Lake Blvd,Roseburg,Douglas,Federally Qualified Health Center (FQHC),43.21296774,-123.3134013,7895.0,100.0,4540.0,0.01266624445851805,0.5750474984167194
100790,LA CLINCA DEL VALLE FAMILY HEALTH CENTER INC,La Clinica School-Based Health Center at Orchard Hill Elementary School,Medford,Jackson,Federally Qualified Health Center (FQHC),42.30917478,-122.83152678,23919.0,2060.0,15095.0,0.08612400183954179,0.6310882561980016
101230,VIRGINIA GARCIA MEMORIAL HEALTH CENTER,VIRGINIA GARCIA MEMORIAL HEALTH CENTER- MCMINNVILLE,Mcminnville,Yamhill,Federally Qualified Health Center (FQHC),45.20127998,-123.16085402,48320.0,5313.0,33973.0,0.10995447019867549,0.7030836092715231
10E01202,WINDING WATERS MEDICAL CLINIC,Winding Waters Joseph,Joseph,Wallowa,Federally Qualified Health Center (FQHC),45.35556337,-117.23046943,5705.0,378.0,1897.0,0.06625766871165645,0.3325153374233129
100790,LA CLINCA DEL VALLE FAMILY HEALTH CENTER INC,La Clinica School-Based Health Center at Phoenix Elementary School,Phoenix,Jackson,Federally Qualified Health Center (FQHC),42.2728417,-122.82006897,23919.0,2060.0,15095.0,0.08612400183954179,0.6310882561980016
103100,"UMPQUA COMMUNITY HEALTH CENTER, INC.",UCHC Denture Lab,Roseburg,Douglas,Federally Qualified Health Center (FQHC),43.22691858,-123.35572304,18139.0,922.0,9987.0,0.05082970395280886,0.5505816197144274
102910,"KLAMATH HEALTH PARTNERSHIP, INC.",CHILOQUIN OPEN DOOR FAMILY PRAC.,Chiloquin,Klamath,Federally Qualified Health Center (FQHC),42.47633756,-121.40882473,9182.0,1116.0,4014.0,0.12154214768024396,0.43715966020474845
107660,CENTRAL CITY CONCERN,Evergreen Crossing,Portland,Multnomah,Federally Qualified Health Center (FQHC),45.5326009,-122.57815215,11360.0,536.0,8679.0,0.047183098591549295,0.7639964788732394
101230,VIRGINIA GARCIA MEMORIAL HEALTH CENTER,Virginia Garcia Beaverton School Based Health Center,Beaverton,Washington,Federally Qualified Health Center (FQHC),45.48572359,-122.81072792,48320.0,5313.0,33973.0,0.10995447019867549,0.7030836092715231
107920,LANE COUNTY OREGON,West 11th Clinic,Eugene,Lane,Federally Qualified Health Center (FQHC),44.04822967,-123.14181612,28346.0,6323.0,16750.0,0.2230649827136104,0.5909122980314683
105600,MOSAIC COMMUNITY HEALTH,Redmond Health Center,Redmond,Deschutes,Federally Qualified Health Center (FQHC),44.26472027,-121.17929223,28112.0,1349.0,14734.0,0.047986624928856005,0.5241178144564599
101230,VIRGINIA GARCIA MEMORIAL HEALTH CENTER,Forest Grove School-Based Health Center,Forest Grove,Washington,Federally Qualified Health Center (FQHC),45.53385189,-123.1207586,48320.0,5313.0,33973.0,0.10995447019867549,0.7030836092715231
101120,Multnomah County,Roosevelt High School Student Health Center,Portland,Multnomah,Federally Qualified Health Center (FQHC),45.58989661,-122.73870843,54930.0,3549.0,44369.0,0.06460950300382305,0.807737119970872
102970,ROGUE COMMUNITY HEALTH,Table Rock Health Center,White City,Jackson,Federally Qualified Health Center (FQHC),42.43040568,-122.84049851,14401.0,767.0,8741.0,0.05326019026456496,0.6069717380737448
107660,CENTRAL CITY CONCERN,Cedar Commons,Portland,Multnomah,Federally Qualified Health Center (FQHC),45.50392833,-122.54597151,11360.0,536.0,8679.0,0.047183098591549295,0.7639964788732394
101230,VIRGINIA GARCIA MEMORIAL HEALTH CENTER,VIRGINIA GARCIA MEMORIAL HEALTH CENTER- CORNELIUS,Cornelius,Washington,Federally Qualified Health Center (FQHC),45.5206882,-123.05763582,48320.0,5313.0,33973.0,0.10995447019867549,0.7030836092715231
102970,ROGUE COMMUNITY HEALTH,Rogue Dental Clinic,Medford,Jackson,Federally Qualified Health Center (FQHC),42.33882903,-122.86730451,14401.0,767.0,8741.0,0.05326019026456496,0.6069717380737448
100790,LA CLINCA DEL VALLE FAMILY HEALTH CENTER INC,La Clinica Community Pharmacy--Market Street,Medford,Jackson,Federally Qualified Health Center (FQHC),42.33730604,-122.8704002,23919.0,2060.0,15095.0,0.08612400183954179,0.6310882561980016
101030,YAKIMA VALLEY FARM WORKERS CLINIC,Community Health Center of Clatskanie,Clatskanie,Columbia,Federally Qualified Health Center (FQHC),46.10447187,-123.20916974,202651.0,20211.0,133722.0,0.09973303857370554,0.659863509185743
10E01385,CASCADE AIDS PROJECT,Prism Health,Portland,Multnomah,Federally Qualified Health Center (FQHC) Look-Alike,45.51623347,-122.64279255,,,,,
101030,YAKIMA VALLEY FARM WORKERS CLINIC,SALUD MEDICAL CENTER,Woodburn,Marion,Federally Qualified Health Center (FQHC),45.15247702,-122.84129572,202651.0,20211.0,133722.0,0.09973303857370554,0.659863509185743
102910,"KLAMATH HEALTH PARTNERSHIP, INC.",Pine Street Open Door,Klamath Falls,Klamath,Federally Qualified Health Center (FQHC),42.22422926,-121.78499302,9182.0,1116.0,4014.0,0.12154214768024396,0.43715966020474845
100760,"NORTHWEST HUMAN SERVICES, INC.",West Salem Clinic Mental Health,Salem,Polk,Federally Qualified Health Center (FQHC),44.94022628,-123.05987455,12642.0,734.0,7888.0,0.05806043347571587,0.6239519063439329
106290,OUTSIDE IN,Outside In 1226,Portland,Multnomah,Federally Qualified Health Center (FQHC),45.51701584,-122.68599707,5847.0,922.0,3653.0,0.1576877030956046,0.6247648366683769
101230,VIRGINIA GARCIA MEMORIAL HEALTH CENTER,Tigard School Based Health Center,Tigard,Washington,Federally Qualified Health Center (FQHC),45.40426252,-122.76878496,48320.0,5313.0,33973.0,0.10995447019867549,0.7030836092715231
1014200,COUNTY OF LINCOLN,Community Shelter and Resource Center Lincoln City,Lincoln City,Lincoln,Federally Qualified Health Center (FQHC),44.98009103,-124.00965674,3163.0,288.0,1476.0,0.09105279797660448,0.466645589630098
101120,Multnomah County,North Portland Health Center,Portland,Multnomah,Federally Qualified Health Center (FQHC),45.59233901,-122.75731081,54930.0,3549.0,44369.0,0.06460950300382305,0.807737119970872
100760,"NORTHWEST HUMAN SERVICES, INC.",West Salem Dental Clinic,Salem,Polk,Federally Qualified Health Center (FQHC),44.94022628,-123.05987455,12642.0,734.0,7888.0,0.05806043347571587,0.6239519063439329
102080,ONE COMMUNITY HEALTH,Mobile Health Unit1,Hood River,Hood River,Federally Qualified Health Center (FQHC),45.69615358,-121.51938091,24400.0,2165.0,10545.0,0.08872950819672132,0.432172131147541
101030,YAKIMA VALLEY FARM WORKERS CLINIC,Mirasol Family Health Center,Hermiston,Umatilla,Federally Qualified Health Center (FQHC),45.8452427,-119.31178827,202651.0,20211.0,133722.0,0.09973303857370554,0.659863509185743
102360,COUNTY OF TILLAMOOK,Tillamook CHC 8th Street Annex,Tillamook,Tillamook,Federally Qualified Health Center (FQHC),45.45259089,-123.84250642,6021.0,1361.0,2332.0,0.22604218568344128,0.3873110778940375
101230,VIRGINIA GARCIA MEMORIAL HEALTH CENTER,Evans Street Mental Health Integration Site,Mcminnville,Yamhill,Federally Qualified Health Center (FQHC),45.21264852,-123.19480969,48320.0,5313.0,33973.0,0.10995447019867549,0.7030836092715231
10E00506,NEIGHBORHOOD HEALTH CENTER,NHC Milwaukie Dental,Portland,Clackamas,Federally Qualified Health Center (FQHC),45.4503339,-122.62789699,19718.0,1522.0,14066.0,0.07718835581701998,0.713358352774115
103100,"UMPQUA COMMUNITY HEALTH CENTER, INC.",Myrtle Creek Clinic,Myrtle Creek,Douglas,Federally Qualified Health Center (FQHC),43.01666784,-123.2938977,18139.0,922.0,9987.0,0.05082970395280886,0.5505816197144274
100790,LA CLINCA DEL VALLE FAMILY HEALTH CENTER INC,La Clinica Wellness Center,Medford,Jackson,Federally Qualified Health Center (FQHC),42.33670933,-122.87063473,23919.0,2060.0,15095.0,0.08612400183954179,0.6310882561980016
102970,ROGUE COMMUNITY HEALTH,South Ashland Health Center,Ashland,Jackson,Federally Qualified Health Center (FQHC),42.18565222,-122.67262978,14401.0,767.0,8741.0,0.05326019026456496,0.6069717380737448
10E00467,ADAPT,FQHC - Jackson Street,Roseburg,Douglas,Federally Qualified Health Center (FQHC),43.20924207,-123.34415484,7895.0,100.0,4540.0,0.01266624445851805,0.5750474984167194
101230,VIRGINIA GARCIA MEMORIAL HEALTH CENTER,Virginia Garcia Beaverton Wellness Center,Beaverton,Washington,Federally Qualified Health Center (FQHC),45.50056333,-122.80925212,48320.0,5313.0,33973.0,0.10995447019867549,0.7030836092715231
105600,MOSAIC COMMUNITY HEALTH,Courtney Health Center,Bend,Deschutes,Federally Qualified Health Center (FQHC),44.07238058,-121.26680407,28112.0,1349.0,14734.0,0.047986624928856005,0.5241178144564599
10E00507,OREGON HEALTH & SCIENCE UNIVERSITY,OHSU Family Medicine at Richmond,Portland,Multnomah,Federally Qualified Health Center (FQHC),45.50457248,-122.6223252,12932.0,235.0,5412.0,0.018171976492421898,0.4184967522424992
102080,ONE COMMUNITY HEALTH,One Community Health - Hood River Valley High School Health Center,Hood River,Hood River,Federally Qualified Health Center (FQHC),45.6848901,-121.54609252,24400.0,2165.0,10545.0,0.08872950819672132,0.432172131147541
100760,"NORTHWEST HUMAN SERVICES, INC.",TOTAL HEALTH COMMUNITY CLINIC,Monmouth,Polk,Federally Qualified Health Center (FQHC),44.84922747,-123.2238327,12642.0,734.0,7888.0,0.05806043347571587,0.6239519063439329
107660,CENTRAL CITY CONCERN,Golden West Clinic,Portland,Multnomah,Federally Qualified Health Center (FQHC),45.52527239,-122.67797442,11360.0,536.0,8679.0,0.047183098591549295,0.7639964788732394
103100,"UMPQUA COMMUNITY HEALTH CENTER, INC.",ROSEBURG HIGH SCHOOL,Roseburg,Douglas,Federally Qualified Health Center (FQHC),43.21568,-123.3533,18139.0,922.0,9987.0,0.05082970395280886,0.5505816197144274
103100,"UMPQUA COMMUNITY HEALTH CENTER, INC.",GLIDE CLINIC,Glide,Douglas,Federally Qualified Health Center (FQHC),43.30783026,-123.07778533,18139.0,922.0,9987.0,0.05082970395280886,0.5505816197144274
1014200,COUNTY OF LINCOLN,Coastal Healthcare - Lincoln City,Lincoln City,Lincoln,Federally Qualified Health Center (FQHC),44.95934712,-124.01346028,3163.0,288.0,1476.0,0.09105279797660448,0.466645589630098
107920,LANE COUNTY OREGON,Charnelton Community Clinic,Eugene,Lane,Federally Qualified Health Center (FQHC),44.05232239,-123.09537425,28346.0,6323.0,16750.0,0.2230649827136104,0.5909122980314683
100760,"NORTHWEST HUMAN SERVICES, INC.",WEST SALEM CLINIC,Salem,Polk,Federally Qualified Health Center (FQHC),44.94022628,-123.05987455,12642.0,734.0,7888.0,0.05806043347571587,0.6239519063439329
1010860,"WATERFALL CLINIC, INCORPORATED",Waterfall School Based Health Center,Coos Bay,Coos,Federally Qualified Health Center (FQHC),43.36084501,-124.22276655,5606.0,393.0,2443.0,0.07010346057795219,0.435783089546914
101310,COUNTY OF CLACKAMAS,Sandy Health Center,Sandy,Clackamas,Federally Qualified Health Center (FQHC),45.39720722,-122.25473416,17686.0,1210.0,13255.0,0.0684156960307588,0.7494628519733122
107880,"THE NATIVE AMERICAN REHABILITATION ASSOCIATION OF THE NORTHWEST, INCORPORATED",Bear Lodge,Portland,Multnomah,Federally Qualified Health Center (FQHC),45.53485743,-122.62524554,5025.0,493.0,3097.0,0.09810945273631841,0.616318407960199
10E00506,NEIGHBORHOOD HEALTH CENTER,NHC Administration,Portland,Washington,Federally Qualified Health Center (FQHC),45.42561273,-122.75378471,19718.0,1522.0,14066.0,0.07718835581701998,0.713358352774115
103100,"UMPQUA COMMUNITY HEALTH CENTER, INC.",Myrtle Creek Dental Clinic,Myrtle Creek,Douglas,Federally Qualified Health Center (FQHC),43.02732166,-123.28458138,18139.0,922.0,9987.0,0.05082970395280886,0.5505816197144274
101030,YAKIMA VALLEY FARM WORKERS CLINIC,Pacific Pediatrics,Woodburn,Marion,Federally Qualified Health Center (FQHC),45.15249127,-122.83631301,202651.0,20211.0,133722.0,0.09973303857370554,0.659863509185743
1010860,"WATERFALL CLINIC, INCORPORATED",Waterfall Behavior Health Center,Coos Bay,Coos,Federally Qualified Health Center (FQHC),43.37752654,-124.21487851,5606.0,393.0,2443.0,0.07010346057795219,0.435783089546914
10E00506,NEIGHBORHOOD HEALTH CENTER,NHC Canby Medical and Dental Clinic,Canby,Clackamas,Federally Qualified Health Center (FQHC),45.26357902,-122.69554758,19718.0,1522.0,14066.0,0.07718835581701998,0.713358352774115
1014200,COUNTY OF LINCOLN,NEWPORT SCHOOL BASED HEALTH CENTER,Newport,Lincoln,Federally Qualified Health Center (FQHC),44.63888998,-124.04600001,3163.0,288.0,1476.0,0.09105279797660448,0.466645589630098
102970,ROGUE COMMUNITY HEALTH,Medford Health Center,Medford,Jackson,Federally Qualified Health Center (FQHC),42.32717467,-122.86262096,14401.0,767.0,8741.0,0.05326019026456496,0.6069717380737448
100790,LA CLINCA DEL VALLE FAMILY HEALTH CENTER INC,La Clinica Rogue River Health Center,Rogue River,Jackson,Federally Qualified Health Center (FQHC),42.43564739,-123.16931647,23919.0,2060.0,15095.0,0.08612400183954179,0.6310882561980016
100790,LA CLINCA DEL VALLE FAMILY HEALTH CENTER INC,La Clinica School-Based Health Center at Ashland High School,Ashland,Jackson,Federally Qualified Health Center (FQHC),42.19070626,-122.69958875,23919.0,2060.0,15095.0,0.08612400183954179,0.6310882561980016
101310,COUNTY OF CLACKAMAS,Clackamas Health Centers Administration,Oregon City,Clackamas,Federally Qualified Health Center (FQHC),45.33292724,-122.59876007,17686.0,1210.0,13255.0,0.0684156960307588,0.7494628519733122
100700,WHITE BIRD CLINIC,Chrysalis Behavioral Health,Eugene,Lane,Federally Qualified Health Center (FQHC),44.04751226,-123.08754656,4902.0,1202.0,3261.0,0.2452060383516932,0.6652386780905752
101230,VIRGINIA GARCIA MEMORIAL HEALTH CENTER,VIRGINA GARCIA MEMORIAL HEALTH CENTER- HILLSBORO DENTAL,Hillsboro,Washington,Federally Qualified Health Center (FQHC),45.51834479,-122.97874468,48320.0,5313.0,33973.0,0.10995447019867549,0.7030836092715231
105600,MOSAIC COMMUNITY HEALTH,Mosaic Pharmacy - Prineville,Prineville,Crook,Federally Qualified Health Center (FQHC),44.30354005,-120.84836195,28112.0,1349.0,14734.0,0.047986624928856005,0.5241178144564599
1018560,LA PINE COMMUNITY HEALTH CENTER,La Pine School Based Health Center,La Pine,Deschutes,Federally Qualified Health Center (FQHC),43.67855949,-121.50600993,6611.0,245.0,2533.0,0.03705944637725004,0.38314929662683406
101120,Multnomah County,Southeast Health Center,Portland,Multnomah,Federally Qualified Health Center (FQHC),45.49604356,-122.62977915,54930.0,3549.0,44369.0,0.06460950300382305,0.807737119970872
