site_id,bhcmis_id,organization,site_name,address,city,county,type,status,latitude,longitude,source_date
BPS-H80-000015,101230,VIRGINIA GARCIA MEMORIAL HEALTH CENTER,Tigard School Based Health Center,9000 SW Durham Rd BLDG 7110,Tigard,Washington,Federally Qualified Health Center (FQHC),Active,45.40426252,-122.76878496,2026-09-14
BPS-H80-000092,1010810,BENTON COUNTY,BENTON HEALTH CENTER,530 NW 27th St,Corvallis,Benton,Federally Qualified Health Center (FQHC),Active,44.5732741,-123.28150187,2026-09-14
BPS-H80-000139,101630,VALLEY FAMILY HEALTH CARE INC,Valley Family Health Care - Nyssa Medical Clinic,17 S 3rd St,Nyssa,Malheur,Federally Qualified Health Center (FQHC),Active,43.87608411,-116.99659405,2026-09-14
BPS-H80-000143,100700,WHITE BIRD CLINIC,"Homeless Outreach, Case Management and Advocacy",323 E 12th Ave,Eugene,Lane,Federally Qualified Health Center (FQHC),Active,44.04679934,-123.08777514,2026-09-14
BPS-H80-000266,107660,CENTRAL CITY CONCERN,Old Town Clinic,727 W Burnside St,Portland,Multnomah,Federally Qualified Health Center (FQHC),Active,45.52319355,-122.67811037,2026-09-14
BPS-H80-000304,100760,"NORTHWEST HUMAN SERVICES, INC.",NORTHWEST HUMAN SERVICES-HOAP Homeless Outreach & Advocacy Project,694 Church St NE,Salem,Marion,Federally Qualified Health Center (FQHC),Active,44.94557418,-123.03200396,2026-09-14
BPS-H80-000315,107920,LANE COUNTY OREGON,Lane County Mental Health,2411 Martin Luther King Jr Blvd,Eugene,Lane,Federally Qualified Health Center (FQHC),Active,44.06099753,-123.07303439,2026-09-14
BPS-H80-000425,107920,LANE COUNTY OREGON,LANE COUNTY,125 E 8th Ave,Eugene,Lane,Federally Qualified Health Center (FQHC),Active,44.0515616,-123.09011729,2026-09-14
BPS-H80-000547,101230,VIRGINIA GARCIA MEMORIAL HEALTH CENTER,VIRGINIA GARCIA MEMORIAL HEALTH CENTER- MCMINNVILLE,115 NE May Ln,Mcminnville,Yamhill,Federally Qualified Health Center (FQHC),Active,45.20127998,-123.16085402,2026-09-14
BPS-H80-000664,100790,LA CLINCA DEL VALLE FAMILY HEALTH CENTER INC,La Clinica School-Based Health Center at Phoenix Elementary School,215 N Rose St,Phoenix,Jackson,Federally Qualified Health Center (FQHC),Active,42.2728417,-122.82006897,2026-09-14
BPS-H80-000679,100790,LA CLINCA DEL VALLE FAMILY HEALTH CENTER INC,La Clinica School-Based Health Center at Oak Grove Elementary School,2838 W Main St,Medford,Jackson,Federally Qualified Health Center (FQHC),Active,42.32445704,-122.90950589,2026-09-14
BPS-H80-000707,105600,MOSAIC COMMUNITY HEALTH,Prineville Health Center,"375 NW Beaver St, Suite 101",Prineville,Crook,Federally Qualified Health Center (FQHC),Active,44.30361352,-120.84911582,2026-09-14
BPS-H80-000732,102080,ONE COMMUNITY HEALTH,One Community Health - Hood River,849 Pacific Ave,Hood River,Hood River,Federally Qualified Health Center (FQHC),Active,45.69615358,-121.51938091,2026-09-14
BPS-H80-000776,102910,"KLAMATH HEALTH PARTNERSHIP, INC.",CHILOQUIN OPEN DOOR FAMILY PRAC.,Wasco St,Chiloquin,Klamath,Federally Qualified Health Center (FQHC),Active,42.47633756,-121.40882473,2026-09-14
BPS-H80-000895,101120,Multnomah County,Roosevelt High School Student Health Center,6941 N Central St,Portland,Multnomah,Federally Qualified Health Center (FQHC),Active,45.58989661,-122.73870843,2026-09-14
BPS-H80-000991,101230,VIRGINIA GARCIA MEMORIAL HEALTH CENTER,VIRGINIA GARCIA MEMORIAL HEALTH CENTER- CORNELIUS,1151 N Adair St,Cornelius,Washington,Federally Qualified Health Center (FQHC),Active,45.5206882,-123.05763582,2026-09-14
BPS-H80-001124,107660,CENTRAL CITY CONCERN,Health Services Leadership Office,726 W Burnside St,Portland,Multnomah,Federally Qualified Health Center (FQHC),Active,45.52285735,-122.67801515,2026-09-14
BPS-H80-001205,101030,YAKIMA VALLEY FARM WORKERS CLINIC,SALUD MEDICAL CENTER,1175 Mount Hood Ave,Woodburn,Marion,Federally Qualified Health Center (FQHC),Active,45.15247702,-122.84129572,2026-09-14
BPS-H80-001238,100790,LA CLINCA DEL VALLE FAMILY HEALTH CENTER INC,Phoenix Health Center--La Clinica,3617 S Pacific Hwy,Medford,Jackson,Federally Qualified Health Center (FQHC),Active,42.28740555,-122.83193338,2026-09-14
BPS-H80-001444,101120,Multnomah County,Parkrose High School Student Health Center,12003 NE Shaver St,Portland,Multnomah,Federally Qualified Health Center (FQHC),Active,45.55313048,-122.54015053,2026-09-14
BPS-H80-001584,101120,Multnomah County,Jefferson High School Student Health Center,5210 N Kerby Ave,Portland,Multnomah,Federally Qualified Health Center (FQHC),Active,45.56044596,-122.67208471,2026-09-14
BPS-H80-001587,107880,"THE NATIVE AMERICAN REHABILITATION ASSOCIATION OF THE NORTHWEST, INCORPORATED",NARA Outpatient Treatment and Recovery Services Program,1631 SW Columbia St,Portland,Multnomah,Federally Qualified Health Center (FQHC),Active,45.51725652,-122.69088297,2026-09-14
BPS-H80-001601,101120,Multnomah County,Mid County Health Center,12710 SE Division St,Portland,Multnomah,Federally Qualified Health Center (FQHC),Active,45.50353845,-122.53225972,2026-09-14
BPS-H80-001769,100150,"SISKIYOU COMMUNITY HEALTH CENTER, INC.",SISKIYOU COMMUNITY HEALTH CENTER - CAVE JUNCTION,25647 Redwood Hwy,Cave Junction,Josephine,Federally Qualified Health Center (FQHC),Active,42.174893,-123.64471899,2026-09-14
BPS-H80-001784,107660,CENTRAL CITY CONCERN,The Biltmore Building,523 NW Everett St,Portland,Multnomah,Federally Qualified Health Center (FQHC),Active,45.52543902,-122.67582186,2026-09-14
BPS-H80-001904,101120,Multnomah County,North Portland Health Center,9000 N Lombard St,Portland,Multnomah,Federally Qualified Health Center (FQHC),Active,45.59233901,-122.75731081,2026-09-14
BPS-H80-002339,107880,"THE NATIVE AMERICAN REHABILITATION ASSOCIATION OF THE NORTHWEST, INCORPORATED",NARA Residential Treatment Center,17645 NW Saint Helens Rd,Portland,Multnomah,Federally Qualified Health Center (FQHC),Active,45.65014648,-122.85033753,2026-09-14
BPS-H80-002638,101310,COUNTY OF CLACKAMAS,Oregon City High School SBHC,19761 Beavercreek Rd,Oregon City,Clackamas,Federally Qualified Health Center (FQHC),Active,45.32024961,-122.56081176,2026-09-14
BPS-H80-002782,102970,ROGUE COMMUNITY HEALTH,Ashland Health Center,99 Central Ave,Ashland,Jackson,Federally Qualified Health Center (FQHC),Active,42.20025266,-122.71497482,2026-09-14
BPS-H80-002801,100790,LA CLINCA DEL VALLE FAMILY HEALTH CENTER INC,Central Point Health Center--La Clinica,4940 Hamrick Rd,Central Point,Jackson,Federally Qualified Health Center (FQHC),Active,42.38756477,-122.89141405,2026-09-14
BPS-H80-002879,101630,VALLEY FAMILY HEALTH CARE INC,Valley Family Health Care - Vale Medical Clinic,789 Washington St W,Vale,Malheur,Federally Qualified Health Center (FQHC),Active,43.98237934,-117.24761662,2026-09-14
BPS-H80-002907,100700,WHITE BIRD CLINIC,WHITE BIRD CLINIC,341 E 12th Ave,Eugene,Lane,Federally Qualified Health Center (FQHC),Active,44.04681171,-123.08756643,2026-09-14
BPS-H80-002927,101230,VIRGINIA GARCIA MEMORIAL HEALTH CENTER,VIRGINIA GARCIA MEMORIAL HEALTH CENTER- CORNELIUS DENTAL,44 N 11th Ave,Cornelius,Washington,Federally Qualified Health Center (FQHC),Active,45.52028901,-123.05800999,2026-09-14
BPS-H80-003055,100760,"NORTHWEST HUMAN SERVICES, INC.","NORTHWEST HUMAN SERVICES, INC.",681 Center St NE,Salem,Marion,Federally Qualified Health Center (FQHC),Active,44.94239568,-123.03247092,2026-09-14
BPS-H80-003103,101120,Multnomah County,East County Health Center,600 NE 8th St FL 3,Gresham,Multnomah,Federally Qualified Health Center (FQHC),Active,45.50265449,-122.42499651,2026-09-14
BPS-H80-003176,101120,Multnomah County,Northeast Health Center,5329 NE M L King Blvd,Portland,Multnomah,Federally Qualified Health Center (FQHC),Active,45.56221931,-122.66204092,2026-09-14
BPS-H80-003317,100790,LA CLINCA DEL VALLE FAMILY HEALTH CENTER INC,West Medford Health Center--La Clinica,1307 W Main St,Medford,Jackson,Federally Qualified Health Center (FQHC),Active,42.32347364,-122.88689009,2026-09-14
BPS-H80-003610,107660,CENTRAL CITY CONCERN,LETTY OWINGS CENTER,2545 NE Flanders St,Portland,Multnomah,Federally Qualified Health Center (FQHC),Active,45.52608019,-122.63949142,2026-09-14
BPS-H80-003620,100700,WHITE BIRD CLINIC,WHITE BIRD MEDICAL CLINIC,1400 Mill St,Eugene,Lane,Federally Qualified Health Center (FQHC),Active,44.04419643,-123.08700258,2026-09-14
BPS-H80-003649,100760,"NORTHWEST HUMAN SERVICES, INC.",TOTAL HEALTH COMMUNITY CLINIC,180 Atwater St N,Monmouth,Polk,Federally Qualified Health Center (FQHC),Active,44.84922747,-123.2238327,2026-09-14
BPS-H80-003792,102400,ASHER COMMUNITY HEALTH CENTER,ASHER CLINIC,712 Jay St,Fossil,Wheeler,Federally Qualified Health Center (FQHC),Active,44.99827707,-120.21214993,2026-09-14
BPS-H80-003878,107660,CENTRAL CITY CONCERN,Golden West Clinic,709 NW Everett St,Portland,Multnomah,Federally Qualified Health Center (FQHC),Active,45.52527239,-122.67797442,2026-09-14
BPS-H80-003934,1014200,COUNTY OF LINCOLN,Coastal Healthcare - Newport,36 SW Nye St,Newport,Lincoln,Federally Qualified Health Center (FQHC),Active,44.63603117,-124.05582905,2026-09-14
BPS-H80-004003,103100,"UMPQUA COMMUNITY HEALTH CENTER, INC.",ROSEBURG HIGH SCHOOL,400 W Harvard Ave,Roseburg,Douglas,Federally Qualified Health Center (FQHC),Active,43.21568,-123.3533,2026-09-14
BPS-H80-004159,1010810,BENTON COUNTY,East Linn Health Center,"100 Mullins Dr, Suite A 1",Lebanon,Linn,Federally Qualified Health Center (FQHC),Active,44.54920245,-122.90933841,2026-09-14
BPS-H80-004174,101630,VALLEY FAMILY HEALTH CARE INC,Nyssa Dental Clinic,17 N 6th St,Nyssa,Malheur,Federally Qualified Health Center (FQHC),Active,43.87750606,-117.00042181,2026-09-14
BPS-H80-004201,1010860,"WATERFALL CLINIC, INCORPORATED","WATERFALL CLINIC, INC.","1890 Waite St, Suite 1",North Bend,Coos,Federally Qualified Health Center (FQHC),Active,43.38913397,-124.23759447,2026-09-14
BPS-H80-004239,100760,"NORTHWEST HUMAN SERVICES, INC.",WEST SALEM CLINIC,1233 Edgewater St NW,Salem,Polk,Federally Qualified Health Center (FQHC),Active,44.94022628,-123.05987455,2026-09-14
BPS-H80-004296,102360,COUNTY OF TILLAMOOK,TILLAMOOK COUNTY HEALTH DEPARTMENT,801 Pacific Ave,Tillamook,Tillamook,Federally Qualified Health Center (FQHC),Active,45.45241777,-123.84289752,2026-09-14
BPS-H80-004504,102970,ROGUE COMMUNITY HEALTH,White City Health Center,8385 Division Rd,White City,Jackson,Federally Qualified Health Center (FQHC),Active,42.43824306,-122.8354625,2026-09-14
BPS-H80-004523,100150,"SISKIYOU COMMUNITY HEALTH CENTER, INC.",LORNA BYRNE SCHOOL BASED HEALTH CENTER,101 S Junction Ave,Cave Junction,Josephine,Federally Qualified Health Center (FQHC),Active,42.16716925,-123.6437956,2026-09-14
BPS-H80-004780,101030,YAKIMA VALLEY FARM WORKERS CLINIC,Lancaster Family Health Center at Beverly,"3896 Beverly Ave NE, Suite 22",Salem,Marion,Federally Qualified Health Center (FQHC),Active,44.96084634,-122.98487043,2026-09-14
BPS-H80-004801,100150,"SISKIYOU COMMUNITY HEALTH CENTER, INC.",EVERGREEN ELEMENTARY SCHOOL BASED HEALTH CENTER,520 W River St,Cave Junction,Josephine,Federally Qualified Health Center (FQHC),Active,42.169873,-123.652975,2026-09-14
BPS-H80-004973,102970,ROGUE COMMUNITY HEALTH,Medford Health Center,19 Myrtle St,Medford,Jackson,Federally Qualified Health Center (FQHC),Active,42.32718581,-122.86263202,2026-09-14
BPS-H80-005004,100790,LA CLINCA DEL VALLE FAMILY HEALTH CENTER INC,La Clinica School-Based Health Center at Washington Elementary School,610 S Peach St,Medford,Jackson,Federally Qualified Health Center (FQHC),Active,42.31699334,-122.88312812,2026-09-14
BPS-H80-005012,101230,VIRGINIA GARCIA MEMORIAL HEALTH CENTER,VIRGINIA GARCIA MEMORIAL HEALTH CENTER- HILLSBORO,226 SE 8th Ave,Hillsboro,Washington,Federally Qualified Health Center (FQHC),Active,45.5209275,-122.97690041,2026-09-14
BPS-H80-005048,107920,LANE COUNTY OREGON,Springfield Schools Health Center,1050 10th St,Springfield,Lane,Federally Qualified Health Center (FQHC),Active,44.05420886,-123.01373468,2026-09-14
BPS-H80-005130,106290,OUTSIDE IN,OUTSIDE IN,1132 SW 13th Ave,Portland,Multnomah,Federally Qualified Health Center (FQHC),Active,45.51758283,-122.68656268,2026-09-14
BPS-H80-005136,107880,"THE NATIVE AMERICAN REHABILITATION ASSOCIATION OF THE NORTHWEST, INCORPORATED",Oyate Behavioral Health,1776 SW Madison St,Portland,Multnomah,Federally Qualified Health Center (FQHC),Active,45.5184149,-122.69196197,2026-09-14
BPS-H80-005244,102910,"KLAMATH HEALTH PARTNERSHIP, INC.",Klamath Open Door Family Practice,2074 S 6th St,Klamath Falls,Klamath,Federally Qualified Health Center (FQHC),Active,42.2155581,-121.76602335,2026-09-14
BPS-H80-005297,101310,COUNTY OF CLACKAMAS,Clackamas Health Centers Administration,"2051 Kaen Rd, #367",Oregon City,Clackamas,Federally Qualified Health Center (FQHC),Active,45.33292724,-122.59876007,2026-09-14
BPS-H80-005418,101230,VIRGINIA GARCIA MEMORIAL HEALTH CENTER,VIRGINA GARCIA MEMORIAL HEALTH CENTER- HILLSBORO DENTAL,730 SE Oak St,Hillsboro,Washington,Federally Qualified Health Center (FQHC),Active,45.51834479,-122.97874468,2026-09-14
BPS-H80-005602,100760,"NORTHWEST HUMAN SERVICES, INC.",NORTHWEST HUMAN SERVICES-HOST Youth & Family Program,1143 Liberty St NE,Salem,Marion,Federally Qualified Health Center (FQHC),Active,44.95125912,-123.03451007,2026-09-14
BPS-H80-005616,101120,Multnomah County,Southeast Health Center,3653 SE 34th Ave,Portland,Multnomah,Federally Qualified Health Center (FQHC),Active,45.49604436,-122.62977797,2026-09-14
BPS-H80-005940,101230,VIRGINIA GARCIA MEMORIAL HEALTH CENTER,VIRGINIA GARCIA MOBILE VAN,1151 N Adair St,Cornelius,Washington,Federally Qualified Health Center (FQHC),Active,45.5206882,-123.05763582,2026-09-14
BPS-H80-006146,1010810,BENTON COUNTY,LINCOLN HEALTH CENTER,121 SE Viewmont Ave,Corvallis,Benton,Federally Qualified Health Center (FQHC),Active,44.54441039,-123.26556192,2026-09-14
BPS-H80-006182,1014200,COUNTY OF LINCOLN,TOLEDO SCHOOL BASED HEALTH CENTER,1800 NE Sturdevant Rd,Toledo,Lincoln,Federally Qualified Health Center (FQHC),Active,44.6336,-123.92189998,2026-09-14
BPS-H80-006810,102400,ASHER COMMUNITY HEALTH CENTER,MITCHELL SATELLITE CLINIC,340 SE High St,Mitchell,Wheeler,Federally Qualified Health Center (FQHC),Active,44.56547069,-120.1539623,2026-09-14
BPS-H80-007034,103100,"UMPQUA COMMUNITY HEALTH CENTER, INC.",GLIDE CLINIC,20170 N Umpqua Hwy,Glide,Douglas,Federally Qualified Health Center (FQHC),Active,43.30783026,-123.07778533,2026-09-14
BPS-H80-007052,1010810,BENTON COUNTY,MONROE HEALTH CENTER,610 Dragon Dr,Monroe,Benton,Federally Qualified Health Center (FQHC),Active,44.31119944,-123.29839635,2026-09-14
BPS-H80-007096,1010860,"WATERFALL CLINIC, INCORPORATED",Waterfall School Based Health Center,826 S 11th St,Coos Bay,Coos,Federally Qualified Health Center (FQHC),Active,43.360858,-124.22280812,2026-09-14
BPS-H80-007182,1010810,BENTON COUNTY,CHILDREN'S FARM HOME,4455 NE Highway 20,Corvallis,Benton,Federally Qualified Health Center (FQHC),Active,44.60791344,-123.21665218,2026-09-14
BPS-H80-007282,1014200,COUNTY OF LINCOLN,TAFT SCHOOL BASED HEALTH CENTER,3780 SE Spy Glass Ridge Dr,Lincoln City,Lincoln,Federally Qualified Health Center (FQHC),Active,44.93782,-124.01499996,2026-09-14
BPS-H80-007914,100150,"SISKIYOU COMMUNITY HEALTH CENTER, INC.",ILLINOIS VALLEY HIGH SCHOOL BASED HEALTH CENTER,625 E River St,Cave Junction,Josephine,Federally Qualified Health Center (FQHC),Active,42.167285,-123.63179401,2026-09-14
BPS-H80-007926,103100,"UMPQUA COMMUNITY HEALTH CENTER, INC.",Myrtle Creek Clinic,790 S Main St,Myrtle Creek,Douglas,Federally Qualified Health Center (FQHC),Active,43.01666784,-123.2938977,2026-09-14
BPS-H80-008109,100790,LA CLINCA DEL VALLE FAMILY HEALTH CENTER INC,Birch Grove Health Center--La Clinica,910 S Central Ave,Medford,Jackson,Federally Qualified Health Center (FQHC),Active,42.31848389,-122.86582058,2026-09-14
BPS-H80-008162,1018560,LA PINE COMMUNITY HEALTH CENTER,LaPine Community Health Center,51600 Huntington Rd,La Pine,Deschutes,Federally Qualified Health Center (FQHC),Active,43.67504693,-121.50353282,2026-09-14
BPS-H80-008200,101230,VIRGINIA GARCIA MEMORIAL HEALTH CENTER,Forest Grove School-Based Health Center,1715 Nichols Ln,Forest Grove,Washington,Federally Qualified Health Center (FQHC),Active,45.53385189,-123.1207586,2026-09-14
BPS-H80-008455,101030,YAKIMA VALLEY FARM WORKERS CLINIC,Mirasol Family Health Center,589 NW 11th St,Hermiston,Umatilla,Federally Qualified Health Center (FQHC),Active,45.8452427,-119.31178827,2026-09-14
BPS-H80-008737,101310,COUNTY OF CLACKAMAS,Gladstone Health Clinic,18911 Portland Ave,Gladstone,Clackamas,Federally Qualified Health Center (FQHC),Active,45.38446253,-122.59821365,2026-09-14
BPS-H80-008871,107660,CENTRAL CITY CONCERN,Hooper Detoxification and Stabilization Center,10 N Weidler St,Portland,Multnomah,Federally Qualified Health Center (FQHC),Active,45.53435586,-122.66708431,2026-09-14
BPS-H80-008886,103100,"UMPQUA COMMUNITY HEALTH CENTER, INC.",Umpqua Community Health Center,150 NE Kenneth Ford Dr,Roseburg,Douglas,Federally Qualified Health Center (FQHC),Active,43.26245915,-123.35030783,2026-09-14
BPS-H80-008899,107880,"THE NATIVE AMERICAN REHABILITATION ASSOCIATION OF THE NORTHWEST, INCORPORATED",NARA Adult Mental Health and Housing Services,1438 SE Division St,Portland,Multnomah,Federally Qualified Health Center (FQHC),Active,45.50468778,-122.65101545,2026-09-14
BPS-H80-009489,1010810,BENTON COUNTY,Boys and Girls Club of Corvallis,1112 NW Circle Blvd,Corvallis,Benton,Federally Qualified Health Center (FQHC),Active,44.58786687,-123.26476757,2026-09-14
BPS-H80-009576,100790,LA CLINCA DEL VALLE FAMILY HEALTH CENTER INC,La Clinica School-Based Health Center at Jewett Elementary School,1001 Manzanita St,Central Point,Jackson,Federally Qualified Health Center (FQHC),Active,42.37959404,-122.90897447,2026-09-14
BPS-H80-010047,107880,"THE NATIVE AMERICAN REHABILITATION ASSOCIATION OF THE NORTHWEST, INCORPORATED",OLD - NARA Adult Mental Health and Housing Services,1310 SW 17th Ave,Portland,Multnomah,Federally Qualified Health Center (FQHC),Active,45.51745199,-122.69127306,2026-09-14
BPS-H80-010088,107920,LANE COUNTY OREGON,Riverstone Clinic,2073 Olympic St,Springfield,Lane,Federally Qualified Health Center (FQHC),Active,44.05928846,-122.99471086,2026-09-14
BPS-H80-010133,107200,COLUMBIA RIVER HEALTH,Columbia River Health,450 Tatone St,Boardman,Morrow,Federally Qualified Health Center (FQHC),Active,45.82920091,-119.70385489,2026-09-14
BPS-H80-010134,101630,VALLEY FAMILY HEALTH CARE INC,"Ontario Medical, Pharmacy, and Dental Clinic Building",2327 SW 4th Ave,Ontario,Malheur,Federally Qualified Health Center (FQHC),Active,44.02533216,-116.99724037,2026-09-14
BPS-H80-010141,100790,LA CLINCA DEL VALLE FAMILY HEALTH CENTER INC,East Medford Dental Clinic--La Clinica,1113 Progress Dr,Medford,Jackson,Federally Qualified Health Center (FQHC),Active,42.34583739,-122.87269307,2026-09-14
BPS-H80-010144,102080,ONE COMMUNITY HEALTH,One Community Health -- The Dalles,1040 Webber St,The Dalles,Wasco,Federally Qualified Health Center (FQHC),Active,45.60602218,-121.20693733,2026-09-14
BPS-H80-010293,101120,Multnomah County,David Douglas High School Student Health Center,1034 SE 130th Ave,Portland,Multnomah,Federally Qualified Health Center (FQHC),Active,45.51573814,-122.52841562,2026-09-14
BPS-H80-010330,100150,"SISKIYOU COMMUNITY HEALTH CENTER, INC.",SISKIYOU COMMUNITY HEALTH CENTER,1701 NW Hawthorne Ave,Grants Pass,Josephine,Federally Qualified Health Center (FQHC),Active,42.459058,-123.32705903,2026-09-14
BPS-H80-010697,106290,OUTSIDE IN,Milwaukie High School Health and Wellness Center,2301 SE Willard St,Portland,Clackamas,Federally Qualified Health Center (FQHC),Active,45.44060347,-122.63759527,2026-09-14
BPS-H80-010737,102970,ROGUE COMMUNITY HEALTH,Butte Falls Health Center,722 Laurel Ave,Butte Falls,Jackson,Federally Qualified Health Center (FQHC),Active,42.54085961,-122.564636,2026-09-14
BPS-H80-010936,107660,CENTRAL CITY CONCERN,Old Town Recovery Center,33 NW Broadway,Portland,Multnomah,Federally Qualified Health Center (FQHC),Active,45.52342954,-122.67779647,2026-09-14
BPS-H80-010937,105600,MOSAIC COMMUNITY HEALTH,Crook Kids School-Based Health Center,757 E 1st St,Prineville,Crook,Federally Qualified Health Center (FQHC),Active,44.30141051,-120.8395747,2026-09-14
BPS-H80-010992,105600,MOSAIC COMMUNITY HEALTH,Harriman Health Clinic,1128 NW Harriman St,Bend,Deschutes,Federally Qualified Health Center (FQHC),Active,44.06113185,-121.30966594,2026-09-14
BPS-H80-011054,1014200,COUNTY OF LINCOLN,NEWPORT SCHOOL BASED HEALTH CENTER,322 NE Eads St,Newport,Lincoln,Federally Qualified Health Center (FQHC),Active,44.63888998,-124.04600001,2026-09-14
BPS-H80-011058,101120,Multnomah County,Franklin High School Student Health Center,5405 SE Woodward St,Portland,Multnomah,Federally Qualified Health Center (FQHC),Active,45.50227999,-122.60689999,2026-09-14
BPS-H80-011185,107920,LANE COUNTY OREGON,Charnelton Community Clinic,"151 W 7th Ave, Suite 100",Eugene,Lane,Federally Qualified Health Center (FQHC),Active,44.05232239,-123.09537425,2026-09-14
BPS-H80-011213,102970,ROGUE COMMUNITY HEALTH,Eagle Point School Health Center,203 N Platt Ave,Eagle Point,Jackson,Federally Qualified Health Center (FQHC),Active,42.47526814,-122.80177898,2026-09-14
BPS-H80-011692,10E00507,OREGON HEALTH & SCIENCE UNIVERSITY,OHSU Family Medicine at Richmond,3930 SE Division St,Portland,Multnomah,Federally Qualified Health Center (FQHC),Active,45.50457332,-122.6223247,2026-09-14
BPS-H80-011774,10E00492,THE WALLACE MEDICAL CONCERN,Wallace Mobile Van,"18633 SE Stark St, Suite 401",Portland,Multnomah,Federally Qualified Health Center (FQHC),Active,45.51937836,-122.47104124,2026-09-14
BPS-H80-011848,10E00467,ADAPT,FQHC - Main Winston,671 SW Main St,Winston,Douglas,Federally Qualified Health Center (FQHC),Active,43.11463787,-123.4167246,2026-09-14
BPS-H80-012012,100700,WHITE BIRD CLINIC,Chrysalis Behavioral Health,350 E 11th Ave,Eugene,Lane,Federally Qualified Health Center (FQHC),Active,44.0475191,-123.08756031,2026-09-14
BPS-H80-012022,107880,"THE NATIVE AMERICAN REHABILITATION ASSOCIATION OF THE NORTHWEST, INCORPORATED",NARA Wellness Center,12360 E Burnside St,Portland,Multnomah,Federally Qualified Health Center (FQHC),Active,45.52200873,-122.53557242,2026-09-14
BPS-H80-012059,105600,MOSAIC COMMUNITY HEALTH,Lynch School-Based Health Center,1314 SW Kalama Ave RM B,Redmond,Deschutes,Federally Qualified Health Center (FQHC),Active,44.26660256,-121.18234802,2026-09-14
BPS-H80-012098,101230,VIRGINIA GARCIA MEMORIAL HEALTH CENTER,Willamina School Based Health Center,1100 NE Oaken Hills Dr,Willamina,Yamhill,Federally Qualified Health Center (FQHC),Active,45.08582999,-123.47550002,2026-09-14
BPS-H80-012101,102970,ROGUE COMMUNITY HEALTH,Ashland School Health Center,201 S Mountain Ave,Ashland,Jackson,Federally Qualified Health Center (FQHC),Active,42.19070626,-122.69958875,2026-09-14
BPS-H80-012345,101230,VIRGINIA GARCIA MEMORIAL HEALTH CENTER,Hillsboro School-Based Health Center,1998 SE Century Blvd,Hillsboro,Washington,Federally Qualified Health Center (FQHC),Active,45.50537098,-122.91482756,2026-09-14
BPS-H80-012393,100790,LA CLINCA DEL VALLE FAMILY HEALTH CENTER INC,La Clinica School-Based Health Center at Crater High School,655 N 3rd St,Central Point,Jackson,Federally Qualified Health Center (FQHC),Active,42.37979215,-122.92112362,2026-09-14
BPS-H80-012395,105600,MOSAIC COMMUNITY HEALTH,Mobile Clinic,"375 NW Beaver St, Suite 101",Prineville,Crook,Federally Qualified Health Center (FQHC),Active,44.30361352,-120.84911582,2026-09-14
BPS-H80-012440,101120,Multnomah County,Billi Odegaard Dental Clinic,33 NW Broadway STE 380,Portland,Multnomah,Federally Qualified Health Center (FQHC),Active,45.52342602,-122.67749296,2026-09-14
BPS-H80-012592,10E00506,NEIGHBORHOOD HEALTH CENTER,NHC Oregon City Dental Clinic,19029 Beavercreek Rd,Oregon City,Clackamas,Federally Qualified Health Center (FQHC),Active,45.32947813,-122.5727615,2026-09-14
BPS-H80-012731,10E00507,OREGON HEALTH & SCIENCE UNIVERSITY,OHSU Richmond Immediate Care,"4212 SE Division St, Suite 150",Portland,Multnomah,Federally Qualified Health Center (FQHC),Active,45.5049992,-122.61834623,2026-09-14
BPS-H80-013168,101230,VIRGINIA GARCIA MEMORIAL HEALTH CENTER,VIRGINIA GARCIA MEMORIAL HEALTH CENTER- NEWBERG,2251 E Hancock St STE 103,Newberg,Yamhill,Federally Qualified Health Center (FQHC),Active,45.30122747,-122.95663397,2026-09-14
BPS-H80-013473,101310,COUNTY OF CLACKAMAS,Sunnyside Health Center,"9775 SE Sunnyside Rd, Suite 200",Clackamas,Clackamas,Federally Qualified Health Center (FQHC),Active,45.43377,-122.56199997,2026-09-14
BPS-H80-013476,101310,COUNTY OF CLACKAMAS,Beavercreek Health Center,"110 Beavercreek Rd, Suite 100",Oregon City,Clackamas,Federally Qualified Health Center (FQHC),Active,45.33572558,-122.59907799,2026-09-14
BPS-H80-013746,101230,VIRGINIA GARCIA MEMORIAL HEALTH CENTER,Virginia Garcia Beaverton Dental Clinic,12600 SW Crescent St,Beaverton,Washington,Federally Qualified Health Center (FQHC),Active,45.49086346,-122.80675021,2026-09-14
BPS-H80-013804,100790,LA CLINCA DEL VALLE FAMILY HEALTH CENTER INC,La Clinica School-Based Health Center at Scenic Middle School,1955 Scenic Ave,Central Point,Jackson,Federally Qualified Health Center (FQHC),Active,42.38637911,-122.92272289,2026-09-14
BPS-H80-013809,102970,ROGUE COMMUNITY HEALTH,Prospect Charter School,280 Mill Creek Dr,Prospect,Jackson,Federally Qualified Health Center (FQHC),Active,42.75199404,-122.4891091,2026-09-14
BPS-H80-013837,1014200,COUNTY OF LINCOLN,WALDPORT SCHOOL BASED HEALTH CENTER,3000 S Crestline Dr,Waldport,Lincoln,Federally Qualified Health Center (FQHC),Active,44.40403434,-124.06550518,2026-09-14
BPS-H80-013900,101120,Multnomah County,Centennial High School Student Health Center,3505 SE 182nd Ave,Gresham,Multnomah,Federally Qualified Health Center (FQHC),Active,45.49632461,-122.47558322,2026-09-14
BPS-H80-013901,105600,MOSAIC COMMUNITY HEALTH,Bend Admin Site,"600 SW Columbia St, Apt 6150",Bend,Deschutes,Federally Qualified Health Center (FQHC),Active,44.04338095,-121.32483241,2026-09-14
BPS-H80-013943,10E00506,NEIGHBORHOOD HEALTH CENTER,NHC Milwaukie Dental,"3300 SE Dwyer Dr, Suite 302",Portland,Clackamas,Federally Qualified Health Center (FQHC),Active,45.4503339,-122.62789699,2026-09-14
BPS-H80-014125,1018560,LA PINE COMMUNITY HEALTH CENTER,Gilchrist School Based Health Center,350 Mississippi Ave,Gilchrist,Klamath,Federally Qualified Health Center (FQHC),Active,43.47854928,-121.68630185,2026-09-14
BPS-H80-014152,101230,VIRGINIA GARCIA MEMORIAL HEALTH CENTER,Evans Street Mental Health Integration Site,627 NE Evans St,Mcminnville,Yamhill,Federally Qualified Health Center (FQHC),Active,45.21264852,-123.19480969,2026-09-14
BPS-H80-014453,101230,VIRGINIA GARCIA MEMORIAL HEALTH CENTER,Virginia Garcia Beaverton School Based Health Center,13000 SW 2nd St,Beaverton,Washington,Federally Qualified Health Center (FQHC),Active,45.48572359,-122.81072792,2026-09-14
BPS-H80-014456,100790,LA CLINCA DEL VALLE FAMILY HEALTH CENTER INC,La Clinica School Based Health Center at Central Point Elementary School,450 S 4th St,Central Point,Jackson,Federally Qualified Health Center (FQHC),Active,42.37245714,-122.91155836,2026-09-14
BPS-H80-014459,100790,LA CLINCA DEL VALLE FAMILY HEALTH CENTER INC,La Clinica School Based Health Center at Mae Richardson Elementary School,200 W Pine St,Central Point,Jackson,Federally Qualified Health Center (FQHC),Active,42.3723315,-122.9208549,2026-09-14
BPS-H80-014539,10E00506,NEIGHBORHOOD HEALTH CENTER,NHC Milwaukie Medical Clinic,"10330 SE 32nd Ave, Suite 325",Portland,Clackamas,Federally Qualified Health Center (FQHC),Active,45.44874176,-122.62925603,2026-09-14
BPS-H80-014540,105600,MOSAIC COMMUNITY HEALTH,Bend High School-Based Health Center,230 NE 6th St,Bend,Deschutes,Federally Qualified Health Center (FQHC),Active,44.05281575,-121.29719082,2026-09-14
BPS-H80-014832,105600,MOSAIC COMMUNITY HEALTH,East Bend Health Center,2084 NE Professional Ct,Bend,Deschutes,Federally Qualified Health Center (FQHC),Active,44.06513522,-121.27191578,2026-09-14
BPS-H80-014833,102080,ONE COMMUNITY HEALTH,One Community Health - Hood River Valley High School Health Center,1220 Indian Creek Rd,Hood River,Hood River,Federally Qualified Health Center (FQHC),Active,45.6848901,-121.54609252,2026-09-14
BPS-H80-015276,1014200,COUNTY OF LINCOLN,Western Title Building,255 SW Coast Hwy,Newport,Lincoln,Federally Qualified Health Center (FQHC),Active,44.63378,-124.05499002,2026-09-14
BPS-H80-015516,100790,LA CLINCA DEL VALLE FAMILY HEALTH CENTER INC,La Clinica Wellness Center,730 Biddle Rd,Medford,Jackson,Federally Qualified Health Center (FQHC),Active,42.33670933,-122.87063473,2026-09-14
BPS-H80-015670,10E01202,WINDING WATERS MEDICAL CLINIC,Winding Waters Medical Clinic,603 Medical Pkwy,Enterprise,Wallowa,Federally Qualified Health Center (FQHC),Active,45.43244553,-117.28586383,2026-09-14
BPS-H80-016954,10E00506,NEIGHBORHOOD HEALTH CENTER,NHC Hillsboro Reproductive Health Clinic,266 W Main St,Hillsboro,Washington,Federally Qualified Health Center (FQHC),Active,45.52245858,-122.99267289,2026-09-14
BPS-H80-017016,101230,VIRGINIA GARCIA MEMORIAL HEALTH CENTER,VIRGINIA GARCIA MEMORIAL HEALTH CENTER- NEWBERG DENTAL,2251 E Hancock St STE 106,Newberg,Yamhill,Federally Qualified Health Center (FQHC),Active,45.30122747,-122.95663397,2026-09-14
BPS-H80-017148,107660,CENTRAL CITY CONCERN,Hooper Detoxification and Stabilization Center,1535 N Williams Ave,Portland,Multnomah,Federally Qualified Health Center (FQHC),Active,45.53403395,-122.66698239,2026-09-14
BPS-H80-017149,107920,LANE COUNTY OREGON,Delta Oaks Clinic,1022 Green Acres Rd,Eugene,Lane,Federally Qualified Health Center (FQHC),Active,44.09235117,-123.09606777,2026-09-14
BPS-H80-017337,102970,ROGUE COMMUNITY HEALTH,Behavioral/Integrative Health Services,900 E Main St,Medford,Jackson,Federally Qualified Health Center (FQHC),Active,42.32769087,-122.86274551,2026-09-14
BPS-H80-017529,101030,YAKIMA VALLEY FARM WORKERS CLINIC,Pacific Pediatrics,1475 Mount Hood Ave,Woodburn,Marion,Federally Qualified Health Center (FQHC),Active,45.15249127,-122.83631301,2026-09-14
BPS-H80-017938,101030,YAKIMA VALLEY FARM WORKERS CLINIC,Lancaster Family Health Center at Lancaster,255 Lancaster Dr NE,Salem,Marion,Federally Qualified Health Center (FQHC),Active,44.92995958,-122.98473221,2026-09-14
BPS-H80-018033,10E00492,THE WALLACE MEDICAL CONCERN,Rosewood Dental Clinic,18139 NE Couch St,Portland,Multnomah,Federally Qualified Health Center (FQHC),Active,45.52285035,-122.4757755,2026-09-14
BPS-H80-018305,101230,VIRGINIA GARCIA MEMORIAL HEALTH CENTER,Virginia Garcia Beaverton Wellness Center,2725 SW Cedar Hills Blvd STE 200,Beaverton,Washington,Federally Qualified Health Center (FQHC),Active,45.50056333,-122.80925212,2026-09-14
BPS-H80-018651,107880,"THE NATIVE AMERICAN REHABILITATION ASSOCIATION OF THE NORTHWEST, INCORPORATED",NARA Dental Clinic,12750 SE Stark St,Portland,Multnomah,Federally Qualified Health Center (FQHC),Active,45.51770324,-122.53272283,2026-09-14
BPS-H80-018831,1018560,LA PINE COMMUNITY HEALTH CENTER,La Pine School Based Health Center,51627 Coach Rd,La Pine,Deschutes,Federally Qualified Health Center (FQHC),Active,43.67855949,-121.50600993,2026-09-14
BPS-H80-018875,106290,OUTSIDE IN,Outside In 1226,1226 SW 12th Ave,Portland,Multnomah,Federally Qualified Health Center (FQHC),Active,45.51701584,-122.68599707,2026-09-14
BPS-H80-018931,100150,"SISKIYOU COMMUNITY HEALTH CENTER, INC.",CAREVAN,1701 NW Hawthorne Ave,Grants Pass,Josephine,Federally Qualified Health Center (FQHC),Active,42.459058,-123.32705903,2026-09-14
BPS-H80-018936,102970,ROGUE COMMUNITY HEALTH,Table Rock Health Center,2830 Maple Ct,White City,Jackson,Federally Qualified Health Center (FQHC),Active,42.43040568,-122.84049851,2026-09-14
BPS-H80-019115,102970,ROGUE COMMUNITY HEALTH,Rogue Dental Clinic,906 Royal Ct,Medford,Jackson,Federally Qualified Health Center (FQHC),Active,42.33882903,-122.86730451,2026-09-14
BPS-H80-019197,101230,VIRGINIA GARCIA MEMORIAL HEALTH CENTER,Virginia Garcia Memorial Health Center- Administration,3305 NE Aloclek Dr,Hillsboro,Washington,Federally Qualified Health Center (FQHC),Active,45.54371253,-122.89191001,2026-09-14
BPS-H80-019225,105600,MOSAIC COMMUNITY HEALTH,Madras High School-Based Health Center,390 SE 10th St,Madras,Jefferson,Federally Qualified Health Center (FQHC),Active,44.63005001,-121.12289995,2026-09-14
BPS-H80-019235,105600,MOSAIC COMMUNITY HEALTH,Administrative Annex,965 SW Emkay Dr,Bend,Deschutes,Federally Qualified Health Center (FQHC),Active,44.04528922,-121.32440376,2026-09-14
BPS-H80-019262,102970,ROGUE COMMUNITY HEALTH,White Mountain Health Center,550 Wilson Way,White City,Jackson,Federally Qualified Health Center (FQHC),Active,42.43788666,-122.82808165,2026-09-14
BPS-H80-019302,101030,YAKIMA VALLEY FARM WORKERS CLINIC,Coastal Family Health Center Admin Office,3990 Abbey Ln STE 103,Astoria,Clatsop,Federally Qualified Health Center (FQHC),Active,46.19464451,-123.79722604,2026-09-14
BPS-H80-019306,101030,YAKIMA VALLEY FARM WORKERS CLINIC,Community Health Center of Clatskanie,401 SW Belair Dr,Clatskanie,Columbia,Federally Qualified Health Center (FQHC),Active,46.10447187,-123.20916974,2026-09-14
BPS-H80-019384,101230,VIRGINIA GARCIA MEMORIAL HEALTH CENTER,Virginia Garcia Reproductive Health Clinic,"333 SE 7th Ave, Ste 5500",Hillsboro,Washington,Federally Qualified Health Center (FQHC),Active,45.51971255,-122.97905422,2026-09-14
BPS-H80-019681,107880,"THE NATIVE AMERICAN REHABILITATION ASSOCIATION OF THE NORTHWEST, INCORPORATED","NARA Child, Youth, & Family Services/NARA Youth Residential Treatment Center",620 NE 2nd St,Gresham,Multnomah,Federally Qualified Health Center (FQHC),Active,45.49879899,-122.42449888,2026-09-14
BPS-H80-020893,105600,MOSAIC COMMUNITY HEALTH,Redmond Health Center,"1250 SW Veterans Way, Apartment 120",Redmond,Deschutes,Federally Qualified Health Center (FQHC),Active,44.26472027,-121.17929223,2026-09-14
BPS-H80-021128,105600,MOSAIC COMMUNITY HEALTH,Redmond High School-Based Health Center,675 SW Rimrock Way,Redmond,Deschutes,Federally Qualified Health Center (FQHC),Active,44.27097833,-121.19161052,2026-09-14
BPS-H80-021200,107200,COLUMBIA RIVER HEALTH,Columbia River Pharmacy,220 S Main St,Boardman,Morrow,Federally Qualified Health Center (FQHC),Active,45.83179896,-119.70132926,2026-09-14
BPS-H80-021348,10E01202,WINDING WATERS MEDICAL CLINIC,Winding Waters Joseph,401 N Main St,Joseph,Wallowa,Federally Qualified Health Center (FQHC),Active,45.35556341,-117.23046943,2026-09-14
BPS-H80-021670,100790,LA CLINCA DEL VALLE FAMILY HEALTH CENTER INC,La Clinica School-Based Health Center at Hanby Middle School,806 N 6th Ave,Gold Hill,Jackson,Federally Qualified Health Center (FQHC),Active,42.43463234,-123.05521186,2026-09-14
BPS-H80-021818,105600,MOSAIC COMMUNITY HEALTH,Courtney Health Center,"2577 NE Courtney Dr, Suite 100",Bend,Deschutes,Federally Qualified Health Center (FQHC),Active,44.0723799,-121.26680282,2026-09-14
BPS-H80-021986,107920,LANE COUNTY OREGON,Lane County Clinical Financial Services,2727 Martin Luther King Jr Blvd,Eugene,Lane,Federally Qualified Health Center (FQHC),Active,44.06000729,-123.06759135,2026-09-14
BPS-H80-022054,101230,VIRGINIA GARCIA MEMORIAL HEALTH CENTER,Virginia Garcia/LifeWorks NW Beaverton,10700 SW Beaverton Hillsdale Hwy BLDG 1,Beaverton,Washington,Federally Qualified Health Center (FQHC),Active,45.48649247,-122.78662299,2026-09-14
BPS-H80-022158,103100,"UMPQUA COMMUNITY HEALTH CENTER, INC.",UCHC Administrative Annex (NO services provided),"4211 NE Stephens St, Suite 101",Roseburg,Douglas,Federally Qualified Health Center (FQHC),Active,43.26084475,-123.35131047,2026-09-14
BPS-H80-024387,101030,YAKIMA VALLEY FARM WORKERS CLINIC,Rosewood Family Health Center at Lents,9047 SE Foster Rd,Portland,Multnomah,Federally Qualified Health Center (FQHC),Active,45.48051571,-122.57029345,2026-09-14
BPS-H80-024422,10E00467,ADAPT,FQHC - Madrone,621 W Madrone St,Roseburg,Douglas,Federally Qualified Health Center (FQHC),Active,43.2134769,-123.35090923,2026-09-14
BPS-H80-024552,101310,COUNTY OF CLACKAMAS,Rex Putnam High School SBHC,4950 SE Roethe Rd,Portland,Clackamas,Federally Qualified Health Center (FQHC),Active,45.40027466,-122.60980817,2026-09-14
BPS-H80-024559,100150,"SISKIYOU COMMUNITY HEALTH CENTER, INC.",GRANTS PASS HIGH SCHOOL - SCHOOL BASED HEALTH CENTER,830 NE 9th St,Grants Pass,Josephine,Federally Qualified Health Center (FQHC),Active,42.44524098,-123.31910896,2026-09-14
BPS-H80-024693,102970,ROGUE COMMUNITY HEALTH,Rogue Behavioral Health,1000 E Main St,Medford,Jackson,Federally Qualified Health Center (FQHC),Active,42.32763249,-122.86137867,2026-09-14
BPS-H80-024700,102910,"KLAMATH HEALTH PARTNERSHIP, INC.",Klamath Health Partnership Admin,2000 S 6th St,Klamath Falls,Klamath,Federally Qualified Health Center (FQHC),Active,42.21585997,-121.76655996,2026-09-14
BPS-H80-024889,102400,ASHER COMMUNITY HEALTH CENTER,Spray Field Office,211 Pine St,Spray,Wheeler,Federally Qualified Health Center (FQHC),Active,44.83517442,-119.79279929,2026-09-14
BPS-H80-024900,102910,"KLAMATH HEALTH PARTNERSHIP, INC.",SBHC-Mazama High,3009 Summers Ln,Klamath Falls,Klamath,Federally Qualified Health Center (FQHC),Active,42.19792786,-121.73772085,2026-09-14
BPS-H80-024908,100790,LA CLINCA DEL VALLE FAMILY HEALTH CENTER INC,Women's Health Center--La Clinica,221 W Stewart Ave,Medford,Jackson,Federally Qualified Health Center (FQHC),Active,42.3121719,-122.86516629,2026-09-14
BPS-H80-024909,107660,CENTRAL CITY CONCERN,Blackburn Center,12121 E Burnside St,Portland,Multnomah,Federally Qualified Health Center (FQHC),Active,45.52272249,-122.53831925,2026-09-14
BPS-H80-027336,10E00506,NEIGHBORHOOD HEALTH CENTER,NHC Tanasbourne Medical & Dental Clinic,"10690 NE Cornell Rd, Suite 220",Hillsboro,Washington,Federally Qualified Health Center (FQHC),Active,45.53389079,-122.86983777,2026-09-14
BPS-H80-027337,100790,LA CLINCA DEL VALLE FAMILY HEALTH CENTER INC,La Clinica School-Based Health Center at Patrick Elementary School,1500 2nd Ave,Gold Hill,Jackson,Federally Qualified Health Center (FQHC),Active,42.4334782,-123.06286697,2026-09-14
BPS-H80-027381,100790,LA CLINCA DEL VALLE FAMILY HEALTH CENTER INC,La Clinica School-Based Health Center at Sams Valley Elementary School,14235 Table Rock Rd,Central Point,Jackson,Federally Qualified Health Center (FQHC),Active,42.49343542,-122.93505233,2026-09-14
BPS-H80-027512,100790,LA CLINCA DEL VALLE FAMILY HEALTH CENTER INC,Center for Learning and Innovation--La Clinica,931 Chevy Way,Medford,Jackson,Federally Qualified Health Center (FQHC),Active,42.36094707,-122.87809009,2026-09-14
BPS-H80-027791,103100,"UMPQUA COMMUNITY HEALTH CENTER, INC.",UMPQUA COMM HLTH CTR @ DRAIN,316 W A Ave,Drain,Douglas,Federally Qualified Health Center (FQHC),Active,43.66231419,-123.31794136,2026-09-14
BPS-H80-028038,103100,"UMPQUA COMMUNITY HEALTH CENTER, INC.",UCHC Denture Lab,1423 NW Fairmount St,Roseburg,Douglas,Federally Qualified Health Center (FQHC),Active,43.22691858,-123.35572304,2026-09-14
BPS-H80-028177,100700,WHITE BIRD CLINIC,White Bird Street Medicine,1400 Mill St,Eugene,Lane,Federally Qualified Health Center (FQHC),Active,44.04419643,-123.08700258,2026-09-14
BPS-H80-029802,102360,COUNTY OF TILLAMOOK,Mobile Clinic,1925 Suppress Rd N,Tillamook,Tillamook,Federally Qualified Health Center (FQHC),Active,45.48646412,-123.84623243,2026-09-14
BPS-H80-029846,105600,MOSAIC COMMUNITY HEALTH,Mosaic Pharmacy - Prineville,375 NW Beaver St STE 103,Prineville,Crook,Federally Qualified Health Center (FQHC),Active,44.30354005,-120.84836195,2026-09-14
BPS-H80-029956,10E01202,WINDING WATERS MEDICAL CLINIC,Winding Waters Open Space,758 NW 1st St,Enterprise,Wallowa,Federally Qualified Health Center (FQHC),Active,45.43139952,-117.27893176,2026-09-14
BPS-H80-030014,10E00506,NEIGHBORHOOD HEALTH CENTER,NHC Administration,"7320 SW Hunziker Rd, Suite 300",Portland,Washington,Federally Qualified Health Center (FQHC),Active,45.42561273,-122.75378471,2026-09-14
BPS-H80-030076,1010860,"WATERFALL CLINIC, INCORPORATED",Waterfall Clinic Marshfield High School,972 Ingersoll St,Coos Bay,Coos,Federally Qualified Health Center (FQHC),Active,43.3596469,-124.22167496,2026-09-14
BPS-H80-030102,103100,"UMPQUA COMMUNITY HEALTH CENTER, INC.",Myrtle Creek Dental Clinic,244 NE Division St,Myrtle Creek,Douglas,Federally Qualified Health Center (FQHC),Active,43.02732166,-123.28458138,2026-09-14
BPS-H80-030104,10E00506,NEIGHBORHOOD HEALTH CENTER,NHC Oregon City Medical Clinic,728 Molalla Ave,Oregon City,Clackamas,Federally Qualified Health Center (FQHC),Active,45.34540261,-122.5968816,2026-09-14
BPS-H80-030464,100700,WHITE BIRD CLINIC,WHITE BIRD DENTAL CLINIC,1415 Pearl St,Eugene,Lane,Federally Qualified Health Center (FQHC),Active,44.04421256,-123.08943752,2026-09-14
BPS-H80-030465,102970,ROGUE COMMUNITY HEALTH,East McAndrews Suite 202,1322 E McAndrews Rd,Medford,Jackson,Federally Qualified Health Center (FQHC),Active,42.34105078,-122.86822987,2026-09-14
BPS-H80-031044,106290,OUTSIDE IN,Outside In East Side,16144 E Burnside St,Portland,Multnomah,Federally Qualified Health Center (FQHC),Active,45.52192918,-122.49697786,2026-09-14
BPS-H80-031208,10E00506,NEIGHBORHOOD HEALTH CENTER,NHC Merlo Station SBHC,1841 SW Merlo Dr,Beaverton,Washington,Federally Qualified Health Center (FQHC),Active,45.50609455,-122.84769178,2026-09-14
BPS-H80-031239,10E00506,NEIGHBORHOOD HEALTH CENTER,NHC Tualatin SBHC,22300 SW Boones Ferry Rd RM 26A,Tualatin,Washington,Federally Qualified Health Center (FQHC),Active,45.35900401,-122.77469244,2026-09-14
BPS-H80-031319,107660,CENTRAL CITY CONCERN,Hansen Clinic at Banfield Value Inn,1525 NE 37th Ave,Portland,Multnomah,Federally Qualified Health Center (FQHC),Active,45.53453619,-122.62593663,2026-09-14
BPS-H80-031366,1010860,"WATERFALL CLINIC, INCORPORATED",North Bay Health Center,93670 Viking Ln,North Bend,Coos,Federally Qualified Health Center (FQHC),Active,43.50143999,-124.21069996,2026-09-14
BPS-H80-031647,100790,LA CLINCA DEL VALLE FAMILY HEALTH CENTER INC,La Clinica School-Based Health Center at Jackson Elementary School,713 Summit Ave,Medford,Jackson,Federally Qualified Health Center (FQHC),Active,42.33167977,-122.88733324,2026-09-14
BPS-H80-031821,107920,LANE COUNTY OREGON,Lane County Treatment Center,432 W 11th Ave,Eugene,Lane,Federally Qualified Health Center (FQHC),Active,44.04741353,-123.09942565,2026-09-14
BPS-H80-031828,102080,ONE COMMUNITY HEALTH,Mobile Health Unit1,849 Pacific Ave,Hood River,Hood River,Federally Qualified Health Center (FQHC),Active,45.69615358,-121.51938091,2026-09-14
BPS-H80-031829,102970,ROGUE COMMUNITY HEALTH,Eagle Point Health Center,"11160 Highway 62, Ste A",Eagle Point,Jackson,Federally Qualified Health Center (FQHC),Active,42.47269557,-122.81187063,2026-09-14
BPS-H80-031830,102970,ROGUE COMMUNITY HEALTH,East McAndrews Suite 102,"1322 E McAndrews Rd, Ste 102",Medford,Jackson,Federally Qualified Health Center (FQHC),Active,42.34105078,-122.86824756,2026-09-14
BPS-H80-031864,100790,LA CLINCA DEL VALLE FAMILY HEALTH CENTER INC,La Clinica School-Based Health Center at Talent Middle School,102 Christian Ave,Talent,Jackson,Federally Qualified Health Center (FQHC),Active,42.23992048,-122.79322341,2026-09-14
BPS-H80-031978,100790,LA CLINCA DEL VALLE FAMILY HEALTH CENTER INC,La Clinica School-Based Health Center at Orchard Hill Elementary School,1011 La Loma Dr,Medford,Jackson,Federally Qualified Health Center (FQHC),Active,42.30917478,-122.83152678,2026-09-14
BPS-H80-032023,101120,Multnomah County,Reynolds High School Student Health Center,1698 SW Cherry Park Rd RM 506,Troutdale,Multnomah,Federally Qualified Health Center (FQHC),Active,45.52806101,-122.40159097,2026-09-14
BPS-H80-032024,100790,LA CLINCA DEL VALLE FAMILY HEALTH CENTER INC,La Clinica School-Based Health Center at Talent Elementary School,307 Wagner Creek Rd,Talent,Jackson,Federally Qualified Health Center (FQHC),Active,42.2412971,-122.79243675,2026-09-14
BPS-H80-032047,10E00467,ADAPT,FQHC - Jackson Street,548 SE Jackson St,Roseburg,Douglas,Federally Qualified Health Center (FQHC),Active,43.20924207,-123.34415484,2026-09-14
BPS-H80-032126,10E00492,THE WALLACE MEDICAL CONCERN,Wallace Downtown Rockwood,"18633 SE Stark St, Suite 401",Portland,Multnomah,Federally Qualified Health Center (FQHC),Active,45.51937836,-122.47104124,2026-09-14
BPS-H80-032223,1010860,"WATERFALL CLINIC, INCORPORATED",Starfish Youth Therapy Center,465 Elrod Ave,Coos Bay,Coos,Federally Qualified Health Center (FQHC),Active,43.36406194,-124.21745334,2026-09-14
BPS-H80-032280,10E00506,NEIGHBORHOOD HEALTH CENTER,NHC Administration Support,"7320 SW Hunziker Rd, Suite 102",Portland,Washington,Federally Qualified Health Center (FQHC),Active,45.4255282,-122.75326319,2026-09-14
BPS-H80-032343,107880,"THE NATIVE AMERICAN REHABILITATION ASSOCIATION OF THE NORTHWEST, INCORPORATED",NARA Indian Health Clinic,703 NE Hancock St,Portland,Multnomah,Federally Qualified Health Center (FQHC),Active,45.53685475,-122.65829195,2026-09-14
BPS-H80-032344,103100,"UMPQUA COMMUNITY HEALTH CENTER, INC.",Mobile Unit 41,150 NE Kenneth Ford Dr,Roseburg,Douglas,Federally Qualified Health Center (FQHC),Active,43.26245915,-123.35030783,2026-09-14
BPS-H80-032345,103100,"UMPQUA COMMUNITY HEALTH CENTER, INC.",Aviva Health Support Services,"4221 NE Stephens St, Ste 101",Roseburg,Douglas,Federally Qualified Health Center (FQHC),Active,43.25933819,-123.35139965,2026-09-14
BPS-H80-032347,103100,"UMPQUA COMMUNITY HEALTH CENTER, INC.",Mobile Unit 24,150 NE Kenneth Ford Dr,Roseburg,Douglas,Federally Qualified Health Center (FQHC),Active,43.26245915,-123.35030783,2026-09-14
BPS-H80-032371,105600,MOSAIC COMMUNITY HEALTH,Conners Health Center,"2065 NE Tucson Way, Apartment 110",Bend,Deschutes,Federally Qualified Health Center (FQHC),Active,44.07096437,-121.2617492,2026-09-14
BPS-H80-032441,10E00506,NEIGHBORHOOD HEALTH CENTER,NHC Mobile Medical,"7320 SW Hunziker Rd, Ste 300",Portland,Washington,Federally Qualified Health Center (FQHC),Active,45.42617549,-122.75263974,2026-09-14
BPS-H80-032499,102360,COUNTY OF TILLAMOOK,Tillamook CHC Dental Clinic,"805 Ivy Ave, Suite B",Tillamook,Tillamook,Federally Qualified Health Center (FQHC),Active,45.45206003,-123.84475344,2026-09-14
BPS-H80-032864,10E00506,NEIGHBORHOOD HEALTH CENTER,NHC Mobile Dental,"7320 SW Hunziker Rd, Ste 300",Portland,Washington,Federally Qualified Health Center (FQHC),Active,45.42617549,-122.75263974,2026-09-14
BPS-H80-032967,105600,MOSAIC COMMUNITY HEALTH,Mosaic Pharmacy - Bend,"2065 NE Tucson Way, Apt 120",Bend,Deschutes,Federally Qualified Health Center (FQHC),Active,44.07056937,-121.26115752,2026-09-14
BPS-H80-032987,107660,CENTRAL CITY CONCERN,Cedar Commons,11450 SE Division St,Portland,Multnomah,Federally Qualified Health Center (FQHC),Active,45.50392833,-122.54597151,2026-09-14
BPS-H80-032999,100150,"SISKIYOU COMMUNITY HEALTH CENTER, INC.",NORTH VALLEY HIGH SCHOOL SCHOOL BASED HEALTH CENTER,6741 Monument Dr,Grants Pass,Josephine,Federally Qualified Health Center (FQHC),Active,42.518718,-123.37017595,2026-09-14
BPS-H80-033029,102080,ONE COMMUNITY HEALTH,Mobile Health Unit 2,849 Pacific Ave,Hood River,Hood River,Federally Qualified Health Center (FQHC),Active,45.69615358,-121.51938091,2026-09-14
BPS-H80-033438,101630,VALLEY FAMILY HEALTH CARE INC,Fortner Neighborhood Clinic,896 Fortner St,Ontario,Malheur,Federally Qualified Health Center (FQHC),Active,44.03598631,-116.96507767,2026-09-14
BPS-H80-033450,107660,CENTRAL CITY CONCERN,River Haven Clinic,5019 NE 102nd Ave,Portland,Multnomah,Federally Qualified Health Center (FQHC),Active,45.55997674,-122.55779134,2026-09-14
BPS-H80-033711,10E01202,WINDING WATERS MEDICAL CLINIC,Winding Waters Wallowa,605 W Highway 82,Wallowa,Wallowa,Federally Qualified Health Center (FQHC),Active,45.57546712,-117.53663495,2026-09-14
BPS-H80-033767,102360,COUNTY OF TILLAMOOK,Tillamook CHC 8th Street Annex,2111 8th St,Tillamook,Tillamook,Federally Qualified Health Center (FQHC),Active,45.45259089,-123.84250642,2026-09-14
BPS-H80-034075,101120,Multnomah County,Leodis V. McDaniel High School Student Health Center,2735 NE 82nd Ave,Portland,Multnomah,Federally Qualified Health Center (FQHC),Active,45.54185779,-122.58034721,2026-09-14
BPS-H80-034213,105600,MOSAIC COMMUNITY HEALTH,Mosaic Pharmacy - Madras,"500 NE A St, Suite 101",Madras,Jefferson,Federally Qualified Health Center (FQHC),Active,44.63810326,-121.11892039,2026-09-14
BPS-H80-034267,105600,MOSAIC COMMUNITY HEALTH,Madras Health Center,"500 NE A St, Suite 100",Madras,Jefferson,Federally Qualified Health Center (FQHC),Active,44.6380194,-121.11895149,2026-09-14
BPS-H80-034331,101310,COUNTY OF CLACKAMAS,Sandy Health Center,39740 Pleasant St,Sandy,Clackamas,Federally Qualified Health Center (FQHC),Active,45.39720722,-122.25473416,2026-09-14
BPS-H80-034417,10E00506,NEIGHBORHOOD HEALTH CENTER,NHC Dental at Milwaukie High School Health and Wellness Center,2301 SE Willard St,Portland,Clackamas,Federally Qualified Health Center (FQHC),Active,45.44060347,-122.63759527,2026-09-14
BPS-H80-034518,10E01202,WINDING WATERS MEDICAL CLINIC,Winding Waters Hearts for Health,606 Medical Pkwy,Enterprise,Wallowa,Federally Qualified Health Center (FQHC),Active,45.43123464,-117.28548103,2026-09-14
BPS-H80-034519,101230,VIRGINIA GARCIA MEMORIAL HEALTH CENTER,Virginia Garcia Memorial Health Center - Hillsboro 7th Avenue,232 SE 7th Ave,Hillsboro,Washington,Federally Qualified Health Center (FQHC),Active,45.52078132,-122.97875298,2026-09-14
BPS-H80-035075,101310,COUNTY OF CLACKAMAS,Adrienne C. Nelson High School SBHC,14897 SE Parklane Dr,Clackamas,Clackamas,Federally Qualified Health Center (FQHC),Active,45.41549775,-122.49368663,2026-09-14
BPS-H80-035077,101310,COUNTY OF CLACKAMAS,Clackamas High School SBHC,14486 SE 122nd Ave,Clackamas,Clackamas,Federally Qualified Health Center (FQHC),Active,45.41833712,-122.53478209,2026-09-14
BPS-H80-035148,10E00467,ADAPT,FQHC Diamond Lake Blvd,"3005 NE Diamond Lake Blvd, Suite 150",Roseburg,Douglas,Federally Qualified Health Center (FQHC),Active,43.21296774,-123.3134013,2026-09-14
BPS-H80-035264,102910,"KLAMATH HEALTH PARTNERSHIP, INC.",Pine Street Open Door,403 Pine St,Klamath Falls,Klamath,Federally Qualified Health Center (FQHC),Active,42.22422926,-121.78499302,2026-09-14
BPS-H80-035397,103100,"UMPQUA COMMUNITY HEALTH CENTER, INC.",Aviva Outpatient Behavioral Health,2001 NW Newcastle St,Roseburg,Douglas,Federally Qualified Health Center (FQHC),Active,43.23579078,-123.38168531,2026-09-14
BPS-H80-035484,107660,CENTRAL CITY CONCERN,Imani Center (Karibu),2040 SE Powell Blvd,Portland,Multnomah,Federally Qualified Health Center (FQHC),Active,45.49915065,-122.64495349,2026-09-14
BPS-H80-035522,102970,ROGUE COMMUNITY HEALTH,Rogue Main St Dental,922 E Main St,Medford,Jackson,Federally Qualified Health Center (FQHC),Active,42.32773969,-122.86195401,2026-09-14
BPS-H80-036089,100760,"NORTHWEST HUMAN SERVICES, INC.",West Salem Dental Clinic,1233 Edgewater St NW,Salem,Polk,Federally Qualified Health Center (FQHC),Active,44.94022628,-123.05987455,2026-09-14
BPS-H80-036090,100760,"NORTHWEST HUMAN SERVICES, INC.",West Salem Clinic Mental Health,1233 Edgewater St NW,Salem,Polk,Federally Qualified Health Center (FQHC),Active,44.94022628,-123.05987455,2026-09-14
BPS-H80-036091,100760,"NORTHWEST HUMAN SERVICES, INC.",QuickCare Clinic,1233 Edgewater St NW,Salem,Polk,Federally Qualified Health Center (FQHC),Active,44.94022628,-123.05987455,2026-09-14
BPS-H80-036133,100150,"SISKIYOU COMMUNITY HEALTH CENTER, INC.",Siskiyou Community Health Center,"557 NE Westbrook Way, Suite B",Grants Pass,Josephine,Federally Qualified Health Center (FQHC),Active,42.43745901,-123.31749603,2026-09-14
BPS-H80-036449,1014200,COUNTY OF LINCOLN,Coastal Healthcare - Waldport,525 N Bay St,Waldport,Lincoln,Federally Qualified Health Center (FQHC),Active,44.42928599,-124.06185815,2026-09-14
BPS-H80-036451,101030,YAKIMA VALLEY FARM WORKERS CLINIC,Rosewood Family Health Center,3530 SE 88th Ave,Portland,Multnomah,Federally Qualified Health Center (FQHC),Active,45.49702252,-122.57214124,2026-09-14
BPS-H80-036475,102970,ROGUE COMMUNITY HEALTH,South Ashland Health Center,2265 Ashland St,Ashland,Jackson,Federally Qualified Health Center (FQHC),Active,42.18565222,-122.67262978,2026-09-14
BPS-H80-036487,105600,MOSAIC COMMUNITY HEALTH,Mountain View School-Based Health Center,2755 NE 27th St,Bend,Deschutes,Federally Qualified Health Center (FQHC),Active,44.07777194,-121.26566028,2026-09-14
BPS-H80-036534,1010860,"WATERFALL CLINIC, INCORPORATED",Waterfall Behavior Health Center,"1300 N Bayshore Dr, Apartment 202",Coos Bay,Coos,Federally Qualified Health Center (FQHC),Active,43.37752654,-124.21487851,2026-09-14
BPS-H80-036676,1010860,"WATERFALL CLINIC, INCORPORATED",Waterfall Dental Services,1885 Waite St,North Bend,Coos,Federally Qualified Health Center (FQHC),Active,43.38841363,-124.23774602,2026-09-14
BPS-H80-036709,101120,Multnomah County,Multnomah Mobile Clinic,1620 SE 190th Ave,Portland,Multnomah,Federally Qualified Health Center (FQHC),Active,45.51125579,-122.46794773,2026-09-14
BPS-H80-036863,102970,ROGUE COMMUNITY HEALTH,Administration,1221 Disk Dr,Medford,Jackson,Federally Qualified Health Center (FQHC),Active,42.33793611,-122.89531591,2026-09-14
BPS-H80-036937,100790,LA CLINCA DEL VALLE FAMILY HEALTH CENTER INC,La Clinica School-Based Health Center at Phoenix High School,745 N Rose St,Phoenix,Jackson,Federally Qualified Health Center (FQHC),Active,42.27585764,-122.82362767,2026-09-14
BPS-H80-036939,102080,ONE COMMUNITY HEALTH,One Community Health -- The Dalles Express Clinic,1010 Webber St,The Dalles,Wasco,Federally Qualified Health Center (FQHC),Active,45.60751506,-121.20545573,2026-09-14
BPS-H80-036993,100790,LA CLINCA DEL VALLE FAMILY HEALTH CENTER INC,La Clinica at The OHRA Center,2350 Ashland St,Ashland,Jackson,Federally Qualified Health Center (FQHC),Active,42.18509961,-122.66943871,2026-09-14
BPS-H80-037036,100790,LA CLINCA DEL VALLE FAMILY HEALTH CENTER INC,La Clinica School-Based Health Center at Rogue Primary School,600 S 2nd St,Central Point,Jackson,Federally Qualified Health Center (FQHC),Active,42.36974711,-122.9115095,2026-09-14
BPS-H80-037255,10E00467,ADAPT,FQHC Mobile Medical Clinic,3005 NE Diamond Lake Blvd,Roseburg,Douglas,Federally Qualified Health Center (FQHC),Active,43.21260401,-123.31354497,2026-09-14
BPS-H80-037274,107660,CENTRAL CITY CONCERN,Evergreen Crossing,8225 NE Wasco St,Portland,Multnomah,Federally Qualified Health Center (FQHC),Active,45.5326009,-122.57815215,2026-09-14
BPS-H80-037344,100790,LA CLINCA DEL VALLE FAMILY HEALTH CENTER INC,La Clinica School-Based Health Center at Ashland High School,201 S Mountain Ave,Ashland,Jackson,Federally Qualified Health Center (FQHC),Active,42.19070626,-122.69958875,2026-09-14
BPS-H80-037652,10E00507,OREGON HEALTH & SCIENCE UNIVERSITY,"OHSU Health Family Medicine, East Portland","10101 SE Main St, Suite 1001",Portland,Multnomah,Federally Qualified Health Center (FQHC),Active,45.51439368,-122.55934702,2026-09-14
BPS-H80-037656,105600,MOSAIC COMMUNITY HEALTH,Sisters School-Based Health Center,535 N Reed St,Sisters,Deschutes,Federally Qualified Health Center (FQHC),Active,44.29566693,-121.57359321,2026-09-14
BPS-H80-037888,101630,VALLEY FAMILY HEALTH CARE INC,Valley Family Women and Children Clinic,840 SW 4th Ave,Ontario,Malheur,Federally Qualified Health Center (FQHC),Active,44.02405928,-116.97481669,2026-09-14
BPS-H80-037893,107920,LANE COUNTY OREGON,Mobile Van #1,3040 N Delta Hwy,Eugene,Lane,Federally Qualified Health Center (FQHC),Active,44.09644825,-123.09590231,2026-09-14
BPS-H80-037925,100700,WHITE BIRD CLINIC,Harm Reduction & Treatment Center,647 Polk St,Eugene,Lane,Federally Qualified Health Center (FQHC),Active,44.05276453,-123.11217905,2026-09-14
BPS-H80-038012,107660,CENTRAL CITY CONCERN,Mobile Service Unit 01,327 SE Yamhill St,Portland,Multnomah,Federally Qualified Health Center (FQHC),Active,45.5161012,-122.66242674,2026-09-14
BPS-H80-038255,101310,COUNTY OF CLACKAMAS,Lake Road Health Center,6605 SE Lake Rd,Milwaukie,Clackamas,Federally Qualified Health Center (FQHC),Active,45.42610056,-122.59451849,2026-09-14
BPS-H80-038341,103100,"UMPQUA COMMUNITY HEALTH CENTER, INC.",Sutherlin Clinic,775 Taylor Rd,Sutherlin,Douglas,Federally Qualified Health Center (FQHC),Active,43.38122812,-123.32798489,2026-09-14
BPS-H80-038387,102080,ONE COMMUNITY HEALTH,One Community Health - Dufur School Health Center,802 NE 5th St,Dufur,Wasco,Federally Qualified Health Center (FQHC),Active,45.4550421,-121.12348283,2026-09-14
BPS-H80-038531,1010810,BENTON COUNTY,Children and Families,4185 SW Research Way,Corvallis,Benton,Federally Qualified Health Center (FQHC),Active,44.5521333,-123.29796108,2026-09-14
BPS-H80-038596,107920,LANE COUNTY OREGON,West 11th Clinic,3321 W 11th Ave,Eugene,Lane,Federally Qualified Health Center (FQHC),Active,44.04822967,-123.14181612,2026-09-14
BPS-H80-038597,100790,LA CLINCA DEL VALLE FAMILY HEALTH CENTER INC,La Clinica School Based Health Center at Armadillo Community Charter School,302 W 1st St,Phoenix,Jackson,Federally Qualified Health Center (FQHC),Active,42.27252801,-122.81780862,2026-09-14
BPS-H80-038641,107880,"THE NATIVE AMERICAN REHABILITATION ASSOCIATION OF THE NORTHWEST, INCORPORATED",NARA NW Outpatient Treatment & Recovery Services Program,355 NW Division St,Gresham,Multnomah,Federally Qualified Health Center (FQHC),Active,45.50488383,-122.43456713,2026-09-14
BPS-H80-038642,10E00062,NEHALEM BAY HEALTH CENTER AND PHARMACY,Nehalem Elementary School,36300 8th St,Nehalem,Tillamook,Federally Qualified Health Center (FQHC),Active,45.72066386,-123.89526003,2026-09-14
BPS-H80-038780,1010810,BENTON COUNTY,Sweet Home Health Center,1023 Main St,Sweet Home,Linn,Federally Qualified Health Center (FQHC),Active,44.3973372,-122.73169026,2026-09-14
BPS-H80-038783,101230,VIRGINIA GARCIA MEMORIAL HEALTH CENTER,VIRGINIA GARCIA MOBILE VAN 2,1151 N Adair St,Cornelius,Washington,Federally Qualified Health Center (FQHC),Active,45.5206882,-123.05763582,2026-09-14
BPS-H80-038795,10E00506,NEIGHBORHOOD HEALTH CENTER,NHC Canby Medical and Dental Clinic,227 NW 3rd Ave,Canby,Clackamas,Federally Qualified Health Center (FQHC),Active,45.26357902,-122.69554758,2026-09-14
BPS-H80-038877,100790,LA CLINCA DEL VALLE FAMILY HEALTH CENTER INC,La Clinica Acute Care Clinic,638 Market St,Medford,Jackson,Federally Qualified Health Center (FQHC),Active,42.33732741,-122.86974582,2026-09-14
BPS-H80-038886,100790,LA CLINCA DEL VALLE FAMILY HEALTH CENTER INC,La Clinica Student Health & Wellness Center at Southern Oregon University,560 Indiana St,Ashland,Jackson,Federally Qualified Health Center (FQHC),Active,42.18474773,-122.69177606,2026-09-14
BPS-H80-039049,107920,LANE COUNTY OREGON,South Lane Clinic,"1275 S River Rd, Suite 200",Cottage Grove,Lane,Federally Qualified Health Center (FQHC),Active,43.78775113,-123.07163536,2026-09-14
BPS-H80-039050,10E00507,OREGON HEALTH & SCIENCE UNIVERSITY,Benson Wellness Center,546 NE 12th Ave,Portland,Multnomah,Federally Qualified Health Center (FQHC),Active,45.52724683,-122.65204978,2026-09-14
BPS-H80-039116,1014200,COUNTY OF LINCOLN,Coastal Healthcare - Lincoln City,"1105 SE Jetty Ave, Suite C",Lincoln City,Lincoln,Federally Qualified Health Center (FQHC),Active,44.95934712,-124.01346028,2026-09-14
BPS-H80-039139,107660,CENTRAL CITY CONCERN,Mobile Service Unit 2,327 SE Yamhill St,Portland,Multnomah,Federally Qualified Health Center (FQHC),Active,45.5161012,-122.66242674,2026-09-14
BPS-H80-039175,10E00062,NEHALEM BAY HEALTH CENTER AND PHARMACY,Nehalem Bay Health Center & Pharmacy,885 Nehalem Blvd,Wheeler,Tillamook,Federally Qualified Health Center (FQHC),Active,45.68918566,-123.8827782,2026-09-14
BPS-H80-039304,10E00492,THE WALLACE MEDICAL CONCERN,Wallace Student Health Center,1165 N Main Ave,Gresham,Multnomah,Federally Qualified Health Center (FQHC),Active,45.50544353,-122.43105697,2026-09-14
BPS-H80-039396,10E01202,WINDING WATERS MEDICAL CLINIC,Enterprise Pharmacy of Winding Waters,501 W North St,Enterprise,Wallowa,Federally Qualified Health Center (FQHC),Active,45.42670347,-117.28299965,2026-09-14
BPS-H80-039453,106290,OUTSIDE IN,Outside In BH,1195 SW 11th Ave,Portland,Multnomah,Federally Qualified Health Center (FQHC),Active,45.51705842,-122.68510398,2026-09-14
BPS-H80-039948,105600,MOSAIC COMMUNITY HEALTH,Mosaic Pharmacy - Redmond,1250 SW Veterans Way,Redmond,Deschutes,Federally Qualified Health Center (FQHC),Active,44.26484839,-121.1793535,2026-09-14
BPS-H80-039967,103100,"UMPQUA COMMUNITY HEALTH CENTER, INC.",Aviva Health - Reproductive & Women's Health Clinic,"2460 NW Stewart Pkwy, Ste 240",Roseburg,Douglas,Federally Qualified Health Center (FQHC),Active,43.23824023,-123.3696841,2026-09-14
BPS-H80-040065,107880,"THE NATIVE AMERICAN REHABILITATION ASSOCIATION OF THE NORTHWEST, INCORPORATED",RiverHouse,211 SE Caruthers St,Portland,Multnomah,Federally Qualified Health Center (FQHC),Active,45.50621148,-122.66407881,2026-09-14
BPS-H80-040066,101120,Multnomah County,Fernhill Health Center,5530 NE 42nd Ave,Portland,Multnomah,Federally Qualified Health Center (FQHC),Active,45.56305369,-122.62022663,2026-09-14
BPS-H80-040084,107660,CENTRAL CITY CONCERN,Puentes,215 SE 102nd Ave,Portland,Multnomah,Federally Qualified Health Center (FQHC),Active,45.52069675,-122.55877403,2026-09-14
BPS-H80-040103,107660,CENTRAL CITY CONCERN,16 x BRC Primary Care Clinic,1616 E Burnside St,Portland,Multnomah,Federally Qualified Health Center (FQHC),Active,45.52276402,-122.64924209,2026-09-14
BPS-H80-040112,107660,CENTRAL CITY CONCERN,16 x Burnside Recovery Center,1616 E Burnside St,Portland,Multnomah,Federally Qualified Health Center (FQHC),Active,45.52276402,-122.64924209,2026-09-14
BPS-H80-040205,102360,COUNTY OF TILLAMOOK,Tillamook County Community Health Center - Main Street Health Center,"800 Main Ave, Ste A",Tillamook,Tillamook,Federally Qualified Health Center (FQHC),Active,45.45242338,-123.84398742,2026-09-14
BPS-H80-040226,1014200,COUNTY OF LINCOLN,Community Shelter and Resource Center Lincoln City,2125 NW Highway 101,Lincoln City,Lincoln,Federally Qualified Health Center (FQHC),Active,44.98009103,-124.00965674,2026-09-14
BPS-H80-040227,1014200,COUNTY OF LINCOLN,Newport Community Shelter and Resource Center,351 SW 7th St,Newport,Lincoln,Federally Qualified Health Center (FQHC),Active,44.63386818,-124.05688827,2026-09-14
BPS-H80-040458,100790,LA CLINCA DEL VALLE FAMILY HEALTH CENTER INC,La Clinica Community Pharmacy--Market Street,616 Market St,Medford,Jackson,Federally Qualified Health Center (FQHC),Active,42.33730604,-122.8704002,2026-09-14
BPS-H80-040543,101230,VIRGINIA GARCIA MEMORIAL HEALTH CENTER,VIRGINIA GARCIA MEMORIAL HEALTH CENTER - SHERIDAN,222 SE Jefferson St,Sheridan,Yamhill,Federally Qualified Health Center (FQHC),Active,45.093726,-123.39367303,2026-09-14
BPS-H80-040573,102080,ONE COMMUNITY HEALTH,One Community Health - Wy'east Middle School,3000 Wyeast Rd,Hood River,Hood River,Federally Qualified Health Center (FQHC),Active,45.63777199,-121.55522042,2026-09-14
BPS-H80-040584,101230,VIRGINIA GARCIA MEMORIAL HEALTH CENTER,Virginia Garcia Memorial Health Center  -  Center for Addition Triage and Treatment,5250 NE Elam Young Pkwy,Hillsboro,Washington,Federally Qualified Health Center (FQHC),Active,45.52842486,-122.93069534,2026-09-14
BPS-H80-040665,100790,LA CLINCA DEL VALLE FAMILY HEALTH CENTER INC,La Clinica Rogue River Health Center,225 Oak St,Rogue River,Jackson,Federally Qualified Health Center (FQHC),Active,42.43564739,-123.16931647,2026-09-14
BPS-H80-040700,102080,ONE COMMUNITY HEALTH,One Community Health - Hood River Middle School,1602 May St,Hood River,Hood River,Federally Qualified Health Center (FQHC),Active,45.70431122,-121.52801225,2026-09-14
BPS-H80-040931,107880,"THE NATIVE AMERICAN REHABILITATION ASSOCIATION OF THE NORTHWEST, INCORPORATED",Bear Lodge,3636 NE Broadway St,Portland,Multnomah,Federally Qualified Health Center (FQHC),Active,45.53485743,-122.62524554,2026-09-14
BPS-H80-040939,100790,LA CLINCA DEL VALLE FAMILY HEALTH CENTER INC,La Clinica Mobile,931 Chevy Way,Medford,Jackson,Federally Qualified Health Center (FQHC),Active,42.36094707,-122.87809009,2026-09-14
BPS-H80-041098,102080,ONE COMMUNITY HEALTH,Mobile Health Unit 3,849 Pacific Ave,Hood River,Hood River,Federally Qualified Health Center (FQHC),Active,45.69615358,-121.51938091,2026-09-14
BPS-H80-041122,10E00467,ADAPT,Bandon Community Health Center,"1010 1st St SE, Suite 110",Bandon,Coos,Federally Qualified Health Center (FQHC),Active,43.11940843,-124.39980592,2026-09-14
BPS-H80-041123,10E00467,ADAPT,Tichenor Wellness Center,1312 Tichenor St,Port Orford,Curry,Federally Qualified Health Center (FQHC),Active,42.74913539,-124.49634407,2026-09-14
BPS-H80-041124,10E00467,ADAPT,Coast Community Health Center - Behavioral Health,"1010 1st St SE, Suite 210",Bandon,Coos,Federally Qualified Health Center (FQHC),Active,43.11938991,-124.39982034,2026-09-14
BPS-H80-041125,10E00467,ADAPT,Brookings-Harbor School District-Brookings-Harbor High School,625 Pioneer Rd,Brookings,Curry,Federally Qualified Health Center (FQHC),Active,42.05752737,-124.27996239,2026-09-14
BPS-H80-041126,10E00467,ADAPT,Central Curry School District-Gold Beach High School,29516 Ellensburg Ave,Gold Beach,Curry,Federally Qualified Health Center (FQHC),Active,42.40802462,-124.42164405,2026-09-14
BPS-H80-041315,101030,YAKIMA VALLEY FARM WORKERS CLINIC,Coastal Family Health Center,2275 Commercial St,Astoria,Clatsop,Federally Qualified Health Center (FQHC),Active,46.18929707,-123.81637517,2026-09-14
BPS-H80-041454,102970,ROGUE COMMUNITY HEALTH,Rogue Community Health Talent Health Center,49 Talent Ave,Talent,Jackson,Federally Qualified Health Center (FQHC),Active,42.24663371,-122.78773661,2026-09-14
BPS-H80-041466,105600,MOSAIC COMMUNITY HEALTH,Bend High School-Based Health Center,606 SE Glenwood Dr,Bend,Deschutes,Federally Qualified Health Center (FQHC),Active,44.05126329,-121.29725611,2026-09-14
BPS-H80-041622,107660,CENTRAL CITY CONCERN,CENTRAL CITY CONCERN,121 NW Everett St,Portland,Multnomah,Federally Qualified Health Center (FQHC),Active,45.52551152,-122.67197071,2026-09-14
BPS-H80-041765,101120,Multnomah County,Cleveland Student Health Center @ Marshall,3905 SE 91st Ave,Portland,Multnomah,Federally Qualified Health Center (FQHC),Active,45.4938128,-122.5729345,2026-09-14
BPS-H80-041970,103100,"UMPQUA COMMUNITY HEALTH CENTER, INC.",Child Advocacy Center,1128 SE Stephens St,Roseburg,Douglas,Federally Qualified Health Center (FQHC),Active,43.20522299,-123.34936428,2026-09-14
BPS-LAL-030390,10E01385,CASCADE AIDS PROJECT,Cascade AIDS Project,"520 NW Davis St, Suite 215",Portland,Multnomah,Federally Qualified Health Center (FQHC) Look-Alike,Active,45.52428198,-122.67576503,2026-09-14
BPS-LAL-030392,10E01385,CASCADE AIDS PROJECT,Prism Health,2236 SE Belmont St,Portland,Multnomah,Federally Qualified Health Center (FQHC) Look-Alike,Active,45.51624018,-122.64278291,2026-09-14
BPS-LAL-032077,10E01418,CASCADIA HEALTH,Cascadia Woodland Park Health Center,"10373 NE Hancock St, Ste 125",Portland,Multnomah,Federally Qualified Health Center (FQHC) Look-Alike,Active,45.53632414,-122.55590633,2026-09-14
BPS-LAL-032078,10E01418,CASCADIA HEALTH,Cascadia Garlington Health Center,3036 NE M L King Blvd,Portland,Multnomah,Federally Qualified Health Center (FQHC) Look-Alike,Active,45.54499765,-122.66127063,2026-09-14
BPS-LAL-032079,10E01418,CASCADIA HEALTH,Cascadia Woodland Park Health Center,10373 NE Hancock St STE 200,Portland,Multnomah,Federally Qualified Health Center (FQHC) Look-Alike,Active,45.53632414,-122.55590633,2026-09-14
BPS-LAL-032083,10E01418,CASCADIA HEALTH,Cascadia Health- Administrative Office,847 NE 19th Ave STE 100,Portland,Multnomah,Federally Qualified Health Center (FQHC) Look-Alike,Active,45.52907438,-122.64649191,2026-09-14
BPS-LAL-038209,10E01418,CASCADIA HEALTH,Cascadia Talbert Health Center,12360 SE Sunnyside Rd,Clackamas,Clackamas,Federally Qualified Health Center (FQHC) Look-Alike,Active,45.42740177,-122.53655252,2026-09-14
BPS-LAL-038324,10E01385,CASCADE AIDS PROJECT,Prism Health,15 N Morris St,Portland,Multnomah,Federally Qualified Health Center (FQHC) Look-Alike,Active,45.54469041,-122.66697585,2026-09-14
BPS-LAL-040549,10E01418,CASCADIA HEALTH,Cascadia Plaza Health Center,"4212 SE Division St, Suite 100",Portland,Multnomah,Federally Qualified Health Center (FQHC) Look-Alike,Active,45.50499803,-122.6183464,2026-09-14
BPS-LAL-040550,10E01418,CASCADIA HEALTH,Cascadia Plaza Health Center 200,4212 SE Division St,Portland,Multnomah,Federally Qualified Health Center (FQHC) Look-Alike,Active,45.5049992,-122.61834623,2026-09-14
